content,date,title,category,author,source,fetched_at,clean_text
"Sed ut perspiciatis unde omnis iste natus error sit voluptatem accusantium doloremque laudantium, totam rem aperiam, eaque ipsa quae ab illo inventore veritatis et quasi architecto beatae vitae dicta sunt explicabo. Nemo enim ipsam voluptatem quia voluptas sit aspernatur aut odit aut fugit, sed quia consequuntur magni dolores eos qui ratione voluptatem sequi nesciunt. Neque porro quisquam est, qui dolorem ipsum quia dolor sit amet, consectetur, adipisci velit, sed quia non numquam eius modi tempora incidunt ut labore et dolore magnam aliquam quaerat voluptatem. Ut enim ad minima veniam, quis nostrum exercitationem ullam corporis suscipit laboriosam, nisi ut aliquid ex ea commodi consequatur? Quis autem vel eum iure reprehenderit qui in ea voluptate velit esse quam nihil molestiae consequatur, vel illum qui dolorem eum fugiat quo voluptas nulla pariatur",2018-09-26 13:24:25,Si t’i kërkosh të dashurit se ka ardhur koha për t’u fejuar,Life &amp; Style,ernis zejnullahu,Ballkani,2024-11-12T09:49:10Z,"Sed ut perspiciatis unde omnis iste natus error sit voluptatem accusantium doloremque laudantium, totam rem aperiam, eaque ipsa quae ab illo inventore veritatis et quasi architecto beatae vitae dicta sunt explicabo. Nemo enim ipsam voluptatem quia voluptas sit aspernatur aut odit aut fugit, sed quia consequuntur magni dolores eos qui ratione voluptatem sequi nesciunt. Neque porro quisquam est, qui dolorem ipsum quia dolor sit amet, consectetur, adipisci velit, sed quia non numquam eius modi tempora incidunt ut labore et dolore magnam aliquam quaerat voluptatem. Ut enim ad minima veniam, quis nostrum exercitationem ullam corporis suscipit laboriosam, nisi ut aliquid ex ea commodi consequatur? Quis autem vel eum iure reprehenderit qui in ea voluptate velit esse quam nihil molestiae consequatur, vel illum qui dolorem eum fugiat quo voluptas nulla pariatur"
"Sed ut perspiciatis unde omnis iste natus error sit voluptatem accusantium doloremque laudantium, totam rem aperiam, eaque ipsa quae ab illo inventore veritatis et quasi architecto beatae vitae dicta sunt explicabo. Nemo enim ipsam voluptatem quia voluptas sit aspernatur aut odit aut fugit, sed quia consequuntur magni dolores eos qui ratione voluptatem sequi nesciunt. Neque porro quisquam est, qui dolorem ipsum quia dolor sit amet, consectetur, adipisci velit, sed quia non numquam eius modi tempora incidunt ut labore et dolore magnam aliquam quaerat voluptatem. Ut enim ad minima veniam, quis nostrum exercitationem ullam corporis suscipit laboriosam, nisi ut aliquid ex ea commodi consequatur? Quis autem vel eum iure reprehenderit qui in ea voluptate velit esse quam nihil molestiae consequatur, vel illum qui dolorem eum fugiat quo voluptas nulla pariatur",2018-09-26 13:26:04,Arsyeja e saktë përse disa meshkuj janë beqarë të përbetuar,Life &amp; Style,ernis zejnullahu,Ballkani,2024-11-12T09:49:10Z,"Sed ut perspiciatis unde omnis iste natus error sit voluptatem accusantium doloremque laudantium, totam rem aperiam, eaque ipsa quae ab illo inventore veritatis et quasi architecto beatae vitae dicta sunt explicabo. Nemo enim ipsam voluptatem quia voluptas sit aspernatur aut odit aut fugit, sed quia consequuntur magni dolores eos qui ratione voluptatem sequi nesciunt. Neque porro quisquam est, qui dolorem ipsum quia dolor sit amet, consectetur, adipisci velit, sed quia non numquam eius modi tempora incidunt ut labore et dolore magnam aliquam quaerat voluptatem. Ut enim ad minima veniam, quis nostrum exercitationem ullam corporis suscipit laboriosam, nisi ut aliquid ex ea commodi consequatur? Quis autem vel eum iure reprehenderit qui in ea voluptate velit esse quam nihil molestiae consequatur, vel illum qui dolorem eum fugiat quo voluptas nulla pariatur"
"Puna intensive është veçanërisht e rëndësishme, sepse vetëm talenti rrallë ka merita për suksesin e madh, por edhe koha që i nevojitet individit për të përvetësuar një lëndë, shpesh mund të jetë vendimtare në punë. Pa marrë parasysh a bëhet fjalë për muzikë, sport, shkencë apo punë, për sukses njëlloj kanë merita puna, këmbëngulja dhe talenti, zbulon studimi i Universitetit të Floridës. Puna intensive është veçanërisht e rëndësishme, sepse vetëm talenti rrallë ka merita për suksesin e madh, por edhe koha që i nevojitet individit për të përvetësuar një lëndë, shpesh mund të jetë vendimtare në punë. Pa marrë parasysh a bëhet fjalë për muzikë, sport, shkencë apo punë, për sukses njëlloj kanë merita puna, këmbëngulja dhe talenti, zbulon studimi i Universitetit të Floridës.",2018-09-26 13:44:53,"Për sukses ndikojnë puna e talenti, por edhe memoria punuese",Life &amp; Style,ernis zejnullahu,Ballkani,2024-11-12T09:49:10Z,"Puna intensive është veçanërisht e rëndësishme, sepse vetëm talenti rrallë ka merita për suksesin e madh, por edhe koha që i nevojitet individit për të përvetësuar një lëndë, shpesh mund të jetë vendimtare në punë. Pa marrë parasysh a bëhet fjalë për muzikë, sport, shkencë apo punë, për sukses njëlloj kanë merita puna, këmbëngulja dhe talenti, zbulon studimi i Universitetit të Floridës. Puna intensive është veçanërisht e rëndësishme, sepse vetëm talenti rrallë ka merita për suksesin e madh, por edhe koha që i nevojitet individit për të përvetësuar një lëndë, shpesh mund të jetë vendimtare në punë. Pa marrë parasysh a bëhet fjalë për muzikë, sport, shkencë apo punë, për sukses njëlloj kanë merita puna, këmbëngulja dhe talenti, zbulon studimi i Universitetit të Floridës."
"Pesëdhjetë vjet pas lansimit të këngës “Hello, I Love You”, kritiku i muzikës i ditores Guardian, Dave Simpson, ka biseduar me dy anëtarët e dikurshëm të rok grupit legjendar The Doors, për të mësuar më shumë për momentet e realizimit të kësaj kënge. Këto momente i shpjegojnë daullisti John Densmore dhe kitaristi Robby Krieger. Këtë vit do të dal në shitje edicioni special i albumit “Waiting for the Sun”, ku përfshihen edhe disa nga incizimet e papublikuara, ndërsa “Hello, I Love You” tashmë është edituar në disk vinili, transmeton Telegrafi. John Densmore: Jim Morrison e ka shkruar tekstin për “Hello, I Love You”, në kohën kur ende ishim në grupin që quhej Rick & Ravens. “Trotuari përkulet te këmbët e saj/ si qeni që lyp diçka të ëmbël.” Është një tekst shumë i mirë. Ai nuk mund të luante në instrumente, por vinte me melodi për t’i kujtuar fjalët e tija të mahnitshme. Ishim duke ecur përgjatë shtegut të plazhit Venecie në Los Angjelos, një nga zonat me diversitet të shquar në vitet 1960, kur Jimi e shikoi një vajzë afro-amerikane. Ajo ishte “xhevahiri i errët” që e frymëzoi këngën.",2018-09-26 14:18:01,"Viti 1968, The Doors dhe problemet e Morrisonit me drogë.",Showbiz,ernis zejnullahu,Ballkani,2024-11-12T09:49:10Z,"Pesëdhjetë vjet pas lansimit të këngës “Hello, I Love You”, kritiku i muzikës i ditores Guardian, Dave Simpson, ka biseduar me dy anëtarët e dikurshëm të rok grupit legjendar The Doors, për të mësuar më shumë për momentet e realizimit të kësaj kënge. Këto momente i shpjegojnë daullisti John Densmore dhe kitaristi Robby Krieger. Këtë vit do të dal në shitje edicioni special i albumit “Waiting for the Sun”, ku përfshihen edhe disa nga incizimet e papublikuara, ndërsa “Hello, I Love You” tashmë është edituar në disk vinili, transmeton Telegrafi. John Densmore: Jim Morrison e ka shkruar tekstin për “Hello, I Love You”, në kohën kur ende ishim në grupin që quhej Rick & Ravens. “Trotuari përkulet te këmbët e saj/ si qeni që lyp diçka të ëmbël.” Është një tekst shumë i mirë. Ai nuk mund të luante në instrumente, por vinte me melodi për t’i kujtuar fjalët e tija të mahnitshme. Ishim duke ecur përgjatë shtegut të plazhit Venecie në Los Angjelos, një nga zonat me diversitet të shquar në vitet 1960, kur Jimi e shikoi një vajzë afro-amerikane. Ajo ishte “xhevahiri i errët” që e frymëzoi këngën."
"Tundni ajkën e ëmbël, shtoni kremin e tundur dhe ajkën e thartë. Ndani përgjysmë dhe në njërën gjysmë shtoni lëng mjedre, në tjetrën çokollatën dhe biskotat dhe të gjitha bashkoni. Qitni në kuti plastike, mbyllni dhe futni në frigorifer ngrirës, transmeton Tundni ajkën e ëmbël, shtoni kremin e tundur dhe ajkën e thartë. Ndani përgjysmë dhe në njërën gjysmë shtoni lëng mjedre, në tjetrën çokollatën dhe biskotat dhe të gjitha bashkoni. Qitni në kuti plastike, mbyllni dhe futni në frigorifer ngrirës, transmeton",2018-09-26 14:25:45,Akullore shtëpiake me çokollatë dhe pemë,Life &amp; Style,ernis zejnullahu,Ballkani,2024-11-12T09:49:10Z,"Tundni ajkën e ëmbël, shtoni kremin e tundur dhe ajkën e thartë. Ndani përgjysmë dhe në njërën gjysmë shtoni lëng mjedre, në tjetrën çokollatën dhe biskotat dhe të gjitha bashkoni. Qitni në kuti plastike, mbyllni dhe futni në frigorifer ngrirës, transmeton Tundni ajkën e ëmbël, shtoni kremin e tundur dhe ajkën e thartë. Ndani përgjysmë dhe në njërën gjysmë shtoni lëng mjedre, në tjetrën çokollatën dhe biskotat dhe të gjitha bashkoni. Qitni në kuti plastike, mbyllni dhe futni në frigorifer ngrirës, transmeton"
"1. Në një enë përzieni mishin me mentën, majdanozin, rigonin, hudhrën, kripën dhe piperin. 2. Shtoni spec djegës dhe gatuani katër qoftere. 3. Lyejini me vaj tavën e grillit apo skarën dhe piqni hamburgerët nga 5 minuta na të dyja anë 1. Në një enë përzieni mishin me mentën, majdanozin, rigonin, hudhrën, kripën dhe piperin. 2. Shtoni spec djegës dhe gatuani katër qoftere. 3. Lyejini me vaj tavën e grillit apo skarën dhe piqni hamburgerët nga 5 minuta na të dyja anë",2018-09-26 14:26:25,Hamburger me mish qengji,Life &amp; Style,ernis zejnullahu,Ballkani,2024-11-12T09:49:10Z,"1. Në një enë përzieni mishin me mentën, majdanozin, rigonin, hudhrën, kripën dhe piperin. 2. Shtoni spec djegës dhe gatuani katër qoftere. 3. Lyejini me vaj tavën e grillit apo skarën dhe piqni hamburgerët nga 5 minuta na të dyja anë 1. Në një enë përzieni mishin me mentën, majdanozin, rigonin, hudhrën, kripën dhe piperin. 2. Shtoni spec djegës dhe gatuani katër qoftere. 3. Lyejini me vaj tavën e grillit apo skarën dhe piqni hamburgerët nga 5 minuta na të dyja anë"
"As të rriturit nuk po mbesin indiferent ndaj këtij trendi, duke kërkuar edhe ata diçka në këtë formë. Kompania polake Design Epicentrum, e ka kaluar këtë krijim orendish në një nivel tjetër, duke punuar tavolinën në formë të Lamborghini Aventador. Sikur super-makina italiane, as ajo nuk vije lirë. Për ta pasur një të tillë, duke paguar 30 mijë euro, që janë një shumë absurde, pasi me ato para mund të blihet një makën e zakonshme pa asnjë kilometër të kaluar. Por, provoni t’ia shpjegoni 44 blerësve që e kanë paguar deri më tani, vetëm që ta kenë një të tillë.",2018-09-26 14:40:42,"Tavolina në formë të Lamborghini Aventador, me çmimin e një veture",Lajme,ernis zejnullahu,Ballkani,2024-11-12T09:49:10Z,"As të rriturit nuk po mbesin indiferent ndaj këtij trendi, duke kërkuar edhe ata diçka në këtë formë. Kompania polake Design Epicentrum, e ka kaluar këtë krijim orendish në një nivel tjetër, duke punuar tavolinën në formë të Lamborghini Aventador. Sikur super-makina italiane, as ajo nuk vije lirë. Për ta pasur një të tillë, duke paguar 30 mijë euro, që janë një shumë absurde, pasi me ato para mund të blihet një makën e zakonshme pa asnjë kilometër të kaluar. Por, provoni t’ia shpjegoni 44 blerësve që e kanë paguar deri më tani, vetëm që ta kenë një të tillë."
Federer barazon në derbin e Bavarisë me Augsburgun Federer barazon në derbin e Bavarisë me Augsburgun Federer barazon në derbin e Bavarisë me Augsburgun Federer barazon në derbin e Bavarisë me Augsburgun Federer barazon në derbin e Bavarisë me Augsburgun Federer barazon në derbin e Bavarisë me Augsburgun Federer barazon në derbin e Bavarisë me Augsburgun Federer barazon në derbin e Bavarisë me Augsburgun Federer barazon në derbin e Bavarisë me Augsburgun Federer barazon në derbin e Bavarisë me Augsburgun Federer barazon në derbin e Bavarisë me Augsburgun Federer barazon në derbin e Bavarisë me Augsburgun Federer barazon në derbin e Bavarisë me Augsburgun Federer barazon në derbin e Bavarisë me Augsburgun Federer barazon në derbin e Bavarisë me Augsburgun Federer barazon në derbin e Bavarisë me Augsburgun Federer barazon në derbin e Bavarisë me Augsburgun Federer barazon në derbin e Bavarisë me Augsburgun Federer barazon në derbin e Bavarisë me Augsburgun,2018-09-26 16:49:07,Federer barazon në derbin e Bavarisë me Augsburgun,Sport,ernis zejnullahu,Ballkani,2024-11-12T09:49:10Z,Federer barazon në derbin e Bavarisë me Augsburgun Federer barazon në derbin e Bavarisë me Augsburgun Federer barazon në derbin e Bavarisë me Augsburgun Federer barazon në derbin e Bavarisë me Augsburgun Federer barazon në derbin e Bavarisë me Augsburgun Federer barazon në derbin e Bavarisë me Augsburgun Federer barazon në derbin e Bavarisë me Augsburgun Federer barazon në derbin e Bavarisë me Augsburgun Federer barazon në derbin e Bavarisë me Augsburgun Federer barazon në derbin e Bavarisë me Augsburgun Federer barazon në derbin e Bavarisë me Augsburgun Federer barazon në derbin e Bavarisë me Augsburgun Federer barazon në derbin e Bavarisë me Augsburgun Federer barazon në derbin e Bavarisë me Augsburgun Federer barazon në derbin e Bavarisë me Augsburgun Federer barazon në derbin e Bavarisë me Augsburgun Federer barazon në derbin e Bavarisë me Augsburgun Federer barazon në derbin e Bavarisë me Augsburgun Federer barazon në derbin e Bavarisë me Augsburgun
"Duke ndjekur intervistën në “Opinion” të Edi Ramës me gazetarët , m’u ngjall edhe një herë një pikëpyetje që ngrihet në rrethet gazetareske mbi kryeministrin. Pikëpyetja është se çfarë dominon në projektet Rama të shembjes së monumenteve të kulturës si Stadiumi e Teatri: babëzia e hajdutit që kërkon të ketë sa më shumë para për pushtet dhe pushtet për para apo sëmundja e narcizistit delirant e mitoman, që mendon se historia fillon me të? Ka që ngulmojnë se duhet ta harrojmë delirin dhe historinë.",2018-09-26 16:59:38,"Teatri, babëzia, injoranca dhe deliri në veprim",Opinione,ernis zejnullahu,Ballkani,2024-11-12T09:49:10Z,"Duke ndjekur intervistën në “Opinion” të Edi Ramës me gazetarët , m’u ngjall edhe një herë një pikëpyetje që ngrihet në rrethet gazetareske mbi kryeministrin. Pikëpyetja është se çfarë dominon në projektet Rama të shembjes së monumenteve të kulturës si Stadiumi e Teatri: babëzia e hajdutit që kërkon të ketë sa më shumë para për pushtet dhe pushtet për para apo sëmundja e narcizistit delirant e mitoman, që mendon se historia fillon me të? Ka që ngulmojnë se duhet ta harrojmë delirin dhe historinë."
"Kancelarja gjermane, Angela Merkel dëshiron respekt të dyanshëm për realizimin e largimit të Britanisë së Madhe nga Bashkimi Evropian dhe një atmosferë të mirë. Ajo kërkon shumë për një temë të shoqëruar kaq me debate. Megjithëse negociatorët shprehen me diplomaci, por ka zëra se edhe mes Michel Barnierin, negociator i BE-së dhe negociatorit britanik ka grindje. Ndërsa, në Britaninë e Madhe, ministri për Brexit, Dominic Raab, i sulmon ashpër pozicionet e BE-së. Por, Merkel, në samitin e BE-së në Salsburg kërkon të flitet për arritjet pozitive. “Në disa sektorë është e mundur një bashkëpunim i mirë.” Ajo përmend temën e sigurisë, ku palët janë të një mendimi. Por, atë që nuk përmend Merkeli janë marrëdhëniet ekonomike. Kryeministrja britanike, Theresa May kërkon një treg të brendshëm për mallrat, të cilën BE nuk e pranon.",2018-09-26 17:00:23,Evropianët grinden për Brexit-in dhe për refugjatët,Opinione,ernis zejnullahu,Ballkani,2024-11-12T09:49:10Z,"Kancelarja gjermane, Angela Merkel dëshiron respekt të dyanshëm për realizimin e largimit të Britanisë së Madhe nga Bashkimi Evropian dhe një atmosferë të mirë. Ajo kërkon shumë për një temë të shoqëruar kaq me debate. Megjithëse negociatorët shprehen me diplomaci, por ka zëra se edhe mes Michel Barnierin, negociator i BE-së dhe negociatorit britanik ka grindje. Ndërsa, në Britaninë e Madhe, ministri për Brexit, Dominic Raab, i sulmon ashpër pozicionet e BE-së. Por, Merkel, në samitin e BE-së në Salsburg kërkon të flitet për arritjet pozitive. “Në disa sektorë është e mundur një bashkëpunim i mirë.” Ajo përmend temën e sigurisë, ku palët janë të një mendimi. Por, atë që nuk përmend Merkeli janë marrëdhëniet ekonomike. Kryeministrja britanike, Theresa May kërkon një treg të brendshëm për mallrat, të cilën BE nuk e pranon."
"Jemi përbetuar që me shqiptarët e Kosovës përbëjmë një e vetme, se Kosova është Shqipëri e Shqipëria është Kosovë. Nga ana shpirtërore e besoj që kështu është. Po sa konkretisht jemi të tillë?",2018-09-26 17:02:07,Shqiptarët e Shqipërisë dhe Kosova,Opinione,ernis zejnullahu,Ballkani,2024-11-12T09:49:10Z,"Jemi përbetuar që me shqiptarët e Kosovës përbëjmë një e vetme, se Kosova është Shqipëri e Shqipëria është Kosovë. Nga ana shpirtërore e besoj që kështu është. Po sa konkretisht jemi të tillë?"
"Në të ashtuquajturën paketë të bisedimeve diplomatike, që po zhvillohen prej afro një viti midis Shqipërisë dhe Greqisë, ku me miratimin e të dy palëve është përjashtuar çështja çame, figuron edhe një temë e quajtur “çështja e minoritetit grek ne Shqipëri”. Përfshirjen e saj ne agjendën e bisedimeve diplomatike dypalëshe e konfirmoi personalisht kryeministri grek, Aleksis Cipras, në 9 shtator. Madje ai specifikoi se kjo çështje është një nga kushtet, që Greqia i vendos Shqipërisë për t’i dhënë votën për hapjen e bisedimeve të pranimit në BE. Pyetni kë të doni nga kryeministrat dhe ministrat e jashtëm shqiptarë të periudhës së tranzicionit: Çfarë është kjo “çështje e minoritetit grek” në Shqipëri, që figuron si çështje e pazgjidhur në marrëdhëniet e tanishme midis dy vendeve tona? Asnjeri nuk do të dijë të përgjigjet, por kanë pranuar verbërisht ekzistencën e një “çështje të minoritetit grek” në marrëdhëniet dypalëshe. Nuk do të dinë të përgjigjen, ndonëse kjo çështje ka 30 vjet, që shërben si litari grek rreth qafës së diplomacisë shqiptare për ta sjellë vërdallë si ariu në cirk dhe për të plotësuar kërkesat dhe hapat e një strategjie të rafinuar të Athinës për vendosjen e kontrollit në Shqipëri.",2018-09-26 17:02:59,Nuk ekziston “çështja e minoritetit grek”,Opinione,ernis zejnullahu,Ballkani,2024-11-12T09:49:10Z,"Në të ashtuquajturën paketë të bisedimeve diplomatike, që po zhvillohen prej afro një viti midis Shqipërisë dhe Greqisë, ku me miratimin e të dy palëve është përjashtuar çështja çame, figuron edhe një temë e quajtur “çështja e minoritetit grek ne Shqipëri”. Përfshirjen e saj ne agjendën e bisedimeve diplomatike dypalëshe e konfirmoi personalisht kryeministri grek, Aleksis Cipras, në 9 shtator. Madje ai specifikoi se kjo çështje është një nga kushtet, që Greqia i vendos Shqipërisë për t’i dhënë votën për hapjen e bisedimeve të pranimit në BE. Pyetni kë të doni nga kryeministrat dhe ministrat e jashtëm shqiptarë të periudhës së tranzicionit: Çfarë është kjo “çështje e minoritetit grek” në Shqipëri, që figuron si çështje e pazgjidhur në marrëdhëniet e tanishme midis dy vendeve tona? Asnjeri nuk do të dijë të përgjigjet, por kanë pranuar verbërisht ekzistencën e një “çështje të minoritetit grek” në marrëdhëniet dypalëshe. Nuk do të dinë të përgjigjen, ndonëse kjo çështje ka 30 vjet, që shërben si litari grek rreth qafës së diplomacisë shqiptare për ta sjellë vërdallë si ariu në cirk dhe për të plotësuar kërkesat dhe hapat e një strategjie të rafinuar të Athinës për vendosjen e kontrollit në Shqipëri."
Me pjesën e dytë të marrëveshjes do të intensifikohet bashkëpunimi në mes Maqedonisë Me pjesën e dytë të marrëveshjes do të intensifikohet bashkëpunimi në mes Maqedonisë Me pjesën e dytë të marrëveshjes do të intensifikohet bashkëpunimi në mes Maqedonisë Me pjesën e dytë të marrëveshjes do të intensifikohet bashkëpunimi në mes Maqedonisë Me pjesën e dytë të marrëveshjes do të intensifikohet bashkëpunimi në mes Maqedonisë,2018-09-26 17:08:41,Me pjesën e dytë të marrëveshjes do të intensifikohet bashkëpunimi në mes Maqedonisë,Ballina,ernis zejnullahu,Ballkani,2024-11-12T09:49:10Z,Me pjesën e dytë të marrëveshjes do të intensifikohet bashkëpunimi në mes Maqedonisë Me pjesën e dytë të marrëveshjes do të intensifikohet bashkëpunimi në mes Maqedonisë Me pjesën e dytë të marrëveshjes do të intensifikohet bashkëpunimi në mes Maqedonisë Me pjesën e dytë të marrëveshjes do të intensifikohet bashkëpunimi në mes Maqedonisë Me pjesën e dytë të marrëveshjes do të intensifikohet bashkëpunimi në mes Maqedonisë
"Vendimi i KPA u mor nga trupa gjykuese e kryesuar nga Albana Shtylla, relatore Ina Rama dhe anëtarë Luan Daci, Natasha Mulaj, Rezarta Schuetz. Kolegji i Posaçëm i Apelimit, në përfundim të gjykimit, bazuar në nenin 66, pika 1, shkronja “a” e ligjit nr. 84/2016 “Për rivlerësimin kalimtar të gjyqtarëve dhe prokurorëve në Republikën e Shqipërisë” vendosi me shumicë votash: Kolegji i i Posaçëm i Apelimit, do të publikojë vendimin e plotë të arsyetuar brenda 30 ditëve nga shpallja e tij.",2018-09-26 17:13:09,Anëtari i Gjykatës Kushtetuese ngel dhe shkarkohet Fatmir Hoxha,Ballkani,ernis zejnullahu,Ballkani,2024-11-12T09:49:10Z,"Vendimi i KPA u mor nga trupa gjykuese e kryesuar nga Albana Shtylla, relatore Ina Rama dhe anëtarë Luan Daci, Natasha Mulaj, Rezarta Schuetz. Kolegji i Posaçëm i Apelimit, në përfundim të gjykimit, bazuar në nenin 66, pika 1, shkronja “a” e ligjit nr. 84/2016 “Për rivlerësimin kalimtar të gjyqtarëve dhe prokurorëve në Republikën e Shqipërisë” vendosi me shumicë votash: Kolegji i i Posaçëm i Apelimit, do të publikojë vendimin e plotë të arsyetuar brenda 30 ditëve nga shpallja e tij."
"Për një vit, Maqedonia bëri një hap serioz përpara në të ardhmen e saj Euro-Atlantike, tha profesor Vllado Buçkovski, ish-kryeministri dhe ministri i mbrojtjes në emisionin “Bota është biznes” në televizioni bullgar “Bloomberg”, përcjell Telegrafi Maqedoni. “Referendumi për emrin është moment historik për Maqedoninë, e drejtuar drejtuar drejtë zgjedhjes për anëtarësim në BE. Për fat të keq me Greqinë ishte zgjidhja e vetme që ta hapim derën drejtë BE-së. Është e qartë se mbi 700 mijë qytetarë të Maqedonisë do të votojnë “për”, por tani nuk dihet se a do të bashkohen ato që janë kundër”, tha Buçkovski.",2018-09-26 17:14:10,Për një vit Maqedonia ka bërë hapa pozitiv drejt integrimeve euroatlantike,Ballkani,ernis zejnullahu,Ballkani,2024-11-12T09:49:10Z,"Për një vit, Maqedonia bëri një hap serioz përpara në të ardhmen e saj Euro-Atlantike, tha profesor Vllado Buçkovski, ish-kryeministri dhe ministri i mbrojtjes në emisionin “Bota është biznes” në televizioni bullgar “Bloomberg”, përcjell Telegrafi Maqedoni. “Referendumi për emrin është moment historik për Maqedoninë, e drejtuar drejtuar drejtë zgjedhjes për anëtarësim në BE. Për fat të keq me Greqinë ishte zgjidhja e vetme që ta hapim derën drejtë BE-së. Është e qartë se mbi 700 mijë qytetarë të Maqedonisë do të votojnë “për”, por tani nuk dihet se a do të bashkohen ato që janë kundër”, tha Buçkovski."
"Duhet pranuar edhe një fakt, ka shumë individë të cilët e kanë keqpërdor PDK-në, pastaj janë munduar të abuzojnë, pikërisht kanë abuzuar me PDK-në, pastaj e kanë sulmuar PDK-në. Janë shumë, të cilët sot i keni edhe shumë aktivë në skenën politike kosovare. Fat i mirë që nuk janë me ne edhe fat i mirë edhe disa të shkojnë, por, fat i mirë se shumë të tjerë të mirë do të vijnë dhe ne do të jemi të fuqishëm për Kosovën. Motivi, ideali, filozofia politike e PDK-së nuk është konflikti, është mirëqenia e qytetarëve, është zhvillimi ekonomik, forcimi i shtetit ligjor dhe për këtë do të jemi pa kompromis”, tha Veseli, raporton KP. Veseli thotë se zgjedhjet në PDK do të jenë shembull i një procesi zgjedhor në Kosovë. Sipas tij në PDK do të ketë një gërshetim i gjeneratave. Sipas kryetarit të PDK-së do të vazhdojnë bashkë me ata të cilët janë kontributdhënësit e fuqishëm të zhvillimit të PDK-së, ndërsa fton të të rinjtë të të gjitha profileve që t’i bashkëngjiten PDK-së. Sipas Veselit, PDK është pjesë e transformimit rrënjësor që është bërë në Kosovë tash e dhjetë vjet. “Kosova jonë shtet i pavarur dhe sovran dhe partia të cilën e drejtoj unë, për 10 vite kemi bashkërrugëtuar në një transformim rrënjësor të këtij vendi. Në momentin kur po flasim Kosova jonë, me vendet e Ballkanit Perëndimor, në shumë aspekte ka gjendjen më pozitive edhe sociale, edhe infrastrukturore edhe statusin të cilin e kanë qytetarët tanë qoftë në sektorin publik, qoftë në sektorin privat. A ka për t’u bërë ma shumë? Po. A kemi pasur gjatë këtij rrugëtimi gabime? Po. Ka pak zhvillime pozitive në vendin tonë të cilat kanë ndodhur pa PDK-në. Kosova dhe PDK kanë lëvizur bashkërisht, po flas si shtet. Por, në të njëjtën kohë, gabimet në proces, të cilat lidhen me korrupsionin janë evidente. Unë do të jem me të tillët i patolerueshëm dhe në të njëjtën kohë do të ecim përpara”, tha Veseli.",2018-09-29 10:02:07,"Fat i mirë për PDK-në, që disa do të shkojnë nga partia",Lajme,ernis zejnullahu,Ballkani,2024-11-12T09:49:10Z,"Duhet pranuar edhe një fakt, ka shumë individë të cilët e kanë keqpërdor PDK-në, pastaj janë munduar të abuzojnë, pikërisht kanë abuzuar me PDK-në, pastaj e kanë sulmuar PDK-në. Janë shumë, të cilët sot i keni edhe shumë aktivë në skenën politike kosovare. Fat i mirë që nuk janë me ne edhe fat i mirë edhe disa të shkojnë, por, fat i mirë se shumë të tjerë të mirë do të vijnë dhe ne do të jemi të fuqishëm për Kosovën. Motivi, ideali, filozofia politike e PDK-së nuk është konflikti, është mirëqenia e qytetarëve, është zhvillimi ekonomik, forcimi i shtetit ligjor dhe për këtë do të jemi pa kompromis”, tha Veseli, raporton KP. Veseli thotë se zgjedhjet në PDK do të jenë shembull i një procesi zgjedhor në Kosovë. Sipas tij në PDK do të ketë një gërshetim i gjeneratave. Sipas kryetarit të PDK-së do të vazhdojnë bashkë me ata të cilët janë kontributdhënësit e fuqishëm të zhvillimit të PDK-së, ndërsa fton të të rinjtë të të gjitha profileve që t’i bashkëngjiten PDK-së. Sipas Veselit, PDK është pjesë e transformimit rrënjësor që është bërë në Kosovë tash e dhjetë vjet. “Kosova jonë shtet i pavarur dhe sovran dhe partia të cilën e drejtoj unë, për 10 vite kemi bashkërrugëtuar në një transformim rrënjësor të këtij vendi. Në momentin kur po flasim Kosova jonë, me vendet e Ballkanit Perëndimor, në shumë aspekte ka gjendjen më pozitive edhe sociale, edhe infrastrukturore edhe statusin të cilin e kanë qytetarët tanë qoftë në sektorin publik, qoftë në sektorin privat. A ka për t’u bërë ma shumë? Po. A kemi pasur gjatë këtij rrugëtimi gabime? Po. Ka pak zhvillime pozitive në vendin tonë të cilat kanë ndodhur pa PDK-në. Kosova dhe PDK kanë lëvizur bashkërisht, po flas si shtet. Por, në të njëjtën kohë, gabimet në proces, të cilat lidhen me korrupsionin janë evidente. Unë do të jem me të tillët i patolerueshëm dhe në të njëjtën kohë do të ecim përpara”, tha Veseli."
"Një studim i fundit ka dalë në konkluzionin se femrat me fundshpinë të madhe janë më të shëndetshme. Studimi është kryer nga shkencëtarët në Qendrën e Oksfordit për Diabetin, Endokrinologjinë dhe Metabolizmin dhe Spitali Churchill kanë zbuluar se gratë me të pasme të mëdha janë më rezistente ndaj sëmundje kronike. Sipas studimit, femrat me të pasme të mëdha kanë gjasa të kenë nivel të ulët të kolesterolit dhe të prodhojnë më shumë hormone për të metabolizuar sheqerin. Për më tepër, indet dhjamore në pjesën e të pasmeve dhe te kofshët gjithashtu, kapin grimcat yndyrore të dëmshme dhe parandalojnë sëmundjet kardiovaskulare. Të pasurit një fundshpinë të madhe gjithashtu favorizon hormonin që rregullon peshën dhe atë anti-inflamator, mbrojtësit vaskular dhe veçoritë anti-diabetike. Rritja e inteligjencës ndikohet edhe nga sasia e yndyrave e Omega 3, e cila kërkon që të shtosh disa kile fillimisht. Është e provuar se yndyrat Omega 3 janë katalizator për zhvillimin e trurit.",2018-09-29 17:23:17,“Femrat me të pasme të mëdha janë më të shëndetshme”,Fun,ernis zejnullahu,Ballkani,2024-11-12T09:49:10Z,"Një studim i fundit ka dalë në konkluzionin se femrat me fundshpinë të madhe janë më të shëndetshme. Studimi është kryer nga shkencëtarët në Qendrën e Oksfordit për Diabetin, Endokrinologjinë dhe Metabolizmin dhe Spitali Churchill kanë zbuluar se gratë me të pasme të mëdha janë më rezistente ndaj sëmundje kronike. Sipas studimit, femrat me të pasme të mëdha kanë gjasa të kenë nivel të ulët të kolesterolit dhe të prodhojnë më shumë hormone për të metabolizuar sheqerin. Për më tepër, indet dhjamore në pjesën e të pasmeve dhe te kofshët gjithashtu, kapin grimcat yndyrore të dëmshme dhe parandalojnë sëmundjet kardiovaskulare. Të pasurit një fundshpinë të madhe gjithashtu favorizon hormonin që rregullon peshën dhe atë anti-inflamator, mbrojtësit vaskular dhe veçoritë anti-diabetike. Rritja e inteligjencës ndikohet edhe nga sasia e yndyrave e Omega 3, e cila kërkon që të shtosh disa kile fillimisht. Është e provuar se yndyrat Omega 3 janë katalizator për zhvillimin e trurit."
"Getoar Selimi është një nga reperët më të suksesshëm të estradës shqiptare. Reperi gjatë ditës së djeshme ka publikuar projektin më të ri me titull “Ghetto Geasy”. Derisa po shijon suksesin e publikimit të këngës, në pushime bashkë me gruan, reperi gjen kohë të ndajë me ndjekësit disa imazhe të reja. E në një prej tyre, Geti shfaqet duke buzëqeshur, meqë kishte marrë shumë kritika përse del vetëm serioz në fotografi. “Se tani po thojn qe spo keshi”, ka qenë mbishkrimi që ai i ka lënë fotos.",2018-09-29 17:26:51,"Shfaqet gjithmonë serioz në fotografi, kështu s’e keni parë asnjëherë Ghetto Geasyn",Showbiz,ernis zejnullahu,Ballkani,2024-11-12T09:49:10Z,"Getoar Selimi është një nga reperët më të suksesshëm të estradës shqiptare. Reperi gjatë ditës së djeshme ka publikuar projektin më të ri me titull “Ghetto Geasy”. Derisa po shijon suksesin e publikimit të këngës, në pushime bashkë me gruan, reperi gjen kohë të ndajë me ndjekësit disa imazhe të reja. E në një prej tyre, Geti shfaqet duke buzëqeshur, meqë kishte marrë shumë kritika përse del vetëm serioz në fotografi. “Se tani po thojn qe spo keshi”, ka qenë mbishkrimi që ai i ka lënë fotos."
"Presidenti i Republikës, Hashim Thaçi ka qendëruar sot në veri të Kosovës, ku ka vizituar pikën kufitare me Serbinë, Bërnjak, dhe liqenin e Ujmanit. “Paraditen e sotme e kalova duke shijuar bukuritë natyrore me barkë rreth liqenit të Ujmanit dhe duke pirë kafe në veriun e Republikës së Kosovës. I takova edhe policët dhe doganierët tanë, pjesëtarë të të gjitha komuniteteve, në vendkalimin kufitar në Bërnjak. Kosova është e bekuar me natyrën dhe qytetarët e saj. HTH”, ka shkruar Thaçi në Facebook.",2018-09-29 17:30:21,Thaçi publikon foto tjera nga vizita në veri dhe në Liqenin e Ujmanit,Lajme,ernis zejnullahu,Ballkani,2024-11-12T09:49:10Z,"Presidenti i Republikës, Hashim Thaçi ka qendëruar sot në veri të Kosovës, ku ka vizituar pikën kufitare me Serbinë, Bërnjak, dhe liqenin e Ujmanit. “Paraditen e sotme e kalova duke shijuar bukuritë natyrore me barkë rreth liqenit të Ujmanit dhe duke pirë kafe në veriun e Republikës së Kosovës. I takova edhe policët dhe doganierët tanë, pjesëtarë të të gjitha komuniteteve, në vendkalimin kufitar në Bërnjak. Kosova është e bekuar me natyrën dhe qytetarët e saj. HTH”, ka shkruar Thaçi në Facebook."
"Nga ora 17:00, rreth 200 serbë e kanë bllokuar sot rrugën Mitrovicë – Bernjak. Sipas mediave serbe, qytetarët e pakënaqur kanë bllokuar rrugën në magjistralen Mitrovicë-Ribariq, në hyrje të Zubin Potokut. Bllokimi i rrugës është bërë te pompa e karburanteve në Zubin Potok, ku janë vendosur kamionë transportues dhe mjete tjera të rëndë për ta ndalur qarkullimin në këtë rrugë. Protesta e serbëve zhvillohet në ditën kur Presidenti i Republikës së Kosovës, Hashim Thaçi vizitoi liqenin e Ujmanit dhe pikën kufitare Bernjak. Po ashtu protestuesit kanë deklaruar se rruga është bllokuar edhe për të ndalur qarkullimin e Njësisë Speciale të Policisë së Kosovës në veri.",2018-09-29 18:36:37,Serbët bllokojnë rrugën në hyrje të Zubin Potokut,Lajme,ernis zejnullahu,Ballkani,2024-11-12T09:49:10Z,"Nga ora 17:00, rreth 200 serbë e kanë bllokuar sot rrugën Mitrovicë – Bernjak. Sipas mediave serbe, qytetarët e pakënaqur kanë bllokuar rrugën në magjistralen Mitrovicë-Ribariq, në hyrje të Zubin Potokut. Bllokimi i rrugës është bërë te pompa e karburanteve në Zubin Potok, ku janë vendosur kamionë transportues dhe mjete tjera të rëndë për ta ndalur qarkullimin në këtë rrugë. Protesta e serbëve zhvillohet në ditën kur Presidenti i Republikës së Kosovës, Hashim Thaçi vizitoi liqenin e Ujmanit dhe pikën kufitare Bernjak. Po ashtu protestuesit kanë deklaruar se rruga është bllokuar edhe për të ndalur qarkullimin e Njësisë Speciale të Policisë së Kosovës në veri."
"Astrit Haraqija, eksponent i LDK-së, por kundërshtar i Isa Mustafës, ka komentuar pjesëmarrjen e dy deputetëve të LDK-së, Vjosa Osmani dhe Haxhi Avdyli në protestën e Vetëvendosjes. Ai i ka quajtur ‘studentë të Isa Mustafës’ Osmanin dhe Avdylin, për të cilët ka thënë se janë të katapultuar në partinë e Ibrahim Rugovës. Postimi i plotë i Haraqisë: Studentët e Isës të katapulltum në parti të Ibrahim Rugovës, Nuk pritojnë secilën herë kur Teuta del me vepru në mbrojtje të shtetit, me lyp kryqëzimin e saj Vjosa Osmani e ky Haxhia i Prizrenit ia përdhosin vendimet Isës e dalin në protestë kundër shtetit të Kosovës kishe me mbrojt shtetin, E këta studentët e Isës ku janë tash për të mbrojtur LDK-në e Isës?! Pse kur është për mbrojtje të shtetit bon me lyp linçim ndaj të bijës së presidentit, e kur është për shkatërrim Isistat e mbyllin gojën. Vjosa Osmani e Haxhija i Prizrenit qe s’ja permeni kush emrin në protestë, s’kanë dal sot me mbrojt Kosovën, por Albin TURPIN – anti-rugovistin e përbetuar!",2018-09-29 18:38:25,"Haraqija ‘godet’ Osmanin dhe Avdylin: Sot e mbrojtët Albinin, anti-rugovistin e përbetuar",Lajme,ernis zejnullahu,Ballkani,2024-11-12T09:49:10Z,"Astrit Haraqija, eksponent i LDK-së, por kundërshtar i Isa Mustafës, ka komentuar pjesëmarrjen e dy deputetëve të LDK-së, Vjosa Osmani dhe Haxhi Avdyli në protestën e Vetëvendosjes. Ai i ka quajtur ‘studentë të Isa Mustafës’ Osmanin dhe Avdylin, për të cilët ka thënë se janë të katapultuar në partinë e Ibrahim Rugovës. Postimi i plotë i Haraqisë: Studentët e Isës të katapulltum në parti të Ibrahim Rugovës, Nuk pritojnë secilën herë kur Teuta del me vepru në mbrojtje të shtetit, me lyp kryqëzimin e saj Vjosa Osmani e ky Haxhia i Prizrenit ia përdhosin vendimet Isës e dalin në protestë kundër shtetit të Kosovës kishe me mbrojt shtetin, E këta studentët e Isës ku janë tash për të mbrojtur LDK-në e Isës?! Pse kur është për mbrojtje të shtetit bon me lyp linçim ndaj të bijës së presidentit, e kur është për shkatërrim Isistat e mbyllin gojën. Vjosa Osmani e Haxhija i Prizrenit qe s’ja permeni kush emrin në protestë, s’kanë dal sot me mbrojt Kosovën, por Albin TURPIN – anti-rugovistin e përbetuar!"
"Chelsea dhe Liverpool kanë luajtur baras 1:1 në derbin e javës së shtatë në Premierligë. Xhiroja e shtatë në elitën e futbollit anglez vuri përballë dy skuadrat më formën më të mirë në këtë fillim sezon. Edhe pse Liverpool kishte më shumë nga loja në minutat e para të ndeshjes, ishte Chelsea që e para kaloi në epërsi. Ishte Eden Hazard që shndërroi në gol për 1:0 një asistim të bukur të pranuar nga Kovacic në minutën e 25’. Liverpool nuk u dorëzua deri në fund të ndeshjes, për të arritur të dalë i pamposhtur nga ‘Stamford Bridge’. Daniel Sturridge në minutën e 89’ shënoi një super-gol nga distanca, për të barazuar në 1:1 rezultatin./Lajmi.net/",2018-09-29 18:40:39,Liverpool del i pamposhtur nga ‘Stamford Bridge’,Sport,ernis zejnullahu,Ballkani,2024-11-12T09:49:10Z,"Chelsea dhe Liverpool kanë luajtur baras 1:1 në derbin e javës së shtatë në Premierligë. Xhiroja e shtatë në elitën e futbollit anglez vuri përballë dy skuadrat më formën më të mirë në këtë fillim sezon. Edhe pse Liverpool kishte më shumë nga loja në minutat e para të ndeshjes, ishte Chelsea që e para kaloi në epërsi. Ishte Eden Hazard që shndërroi në gol për 1:0 një asistim të bukur të pranuar nga Kovacic në minutën e 25’. Liverpool nuk u dorëzua deri në fund të ndeshjes, për të arritur të dalë i pamposhtur nga ‘Stamford Bridge’. Daniel Sturridge në minutën e 89’ shënoi një super-gol nga distanca, për të barazuar në 1:1 rezultatin./Lajmi.net/"
"Lumi B është reper shumë i kërkuar. Ai ka përmbyllur me sukses sezonin e verës, ndërsa menjëherë ka nisur punën rreth projektit të ri, shkruan lajmi.net. Reperi ka zbuluar se projekti i tij i ri lansohet të mërkurën , në orën 18:00, ndërsa titulli i tij është “Pse m’le”. Lumi ka publikuar edhe videon paralajmëruese të këngës, e cila premton të jetë hit. Kujtojmë që projekti i fundit i tij është “Kalon”, këngë kjo në duet me Dafina Zeqirin, që rezultoi shumë e suksesshme. View this post on Instagram PSE M’LE // E MERKURE , ORA 18:00 ? A post shared by LumiB on Sep 29, 2018 at 10:34am PDT",2018-09-29 18:42:46,"“Pse m’le” kënga më e re nga Lumi B, publikohet promo",Showbiz,ernis zejnullahu,Ballkani,2024-11-12T09:49:10Z,"Lumi B është reper shumë i kërkuar. Ai ka përmbyllur me sukses sezonin e verës, ndërsa menjëherë ka nisur punën rreth projektit të ri, shkruan lajmi.net. Reperi ka zbuluar se projekti i tij i ri lansohet të mërkurën , në orën 18:00, ndërsa titulli i tij është “Pse m’le”. Lumi ka publikuar edhe videon paralajmëruese të këngës, e cila premton të jetë hit. Kujtojmë që projekti i fundit i tij është “Kalon”, këngë kjo në duet me Dafina Zeqirin, që rezultoi shumë e suksesshme. View this post on Instagram PSE M’LE // E MERKURE , ORA 18:00 ? A post shared by LumiB on Sep 29, 2018 at 10:34am PDT"
"Juventusi ka triumfuar në derbin e javës së shtatë në Serie A, duke e mposhtur Napolin që pë gjysmë ore luajti me 10 lojtarë, në një ndeshje që shkëlqyen dyshja Mario Mandzukic dhe Cristiano Ronaldo të dielën në Torino. Edhe pas plot shtatë xhirosh në edicionin e ri të kampionatit italian, kampioni në fuqi Juventusi nuk lëshon pikë, pasi duke e mposhtur Napolin 3-1 në “Allianz Arena” e ka çuar ecurinë e përkryer të fitoreve radhazi në shtatë. Mysafirët nga Napoli kaluan të parët në epërsi në këtë derbit, kur Mertens realizoi në fillim të ndeshjes. Juventusi përmbysi gjithçka në vazhdim të ndeshjes, me dy gola të shënuara nga Mandzukic dhe një nga Bonucci. Notat e lojtarëve për paraqitjen në derbin Juventus 3:1 Napoli i gjeni në fotografinë e mëposhtme.",2018-09-29 18:45:13,"Juventus 3:1 Napoli, kjo është nota për Ronaldon",Sport,ernis zejnullahu,Ballkani,2024-11-12T09:49:10Z,"Juventusi ka triumfuar në derbin e javës së shtatë në Serie A, duke e mposhtur Napolin që pë gjysmë ore luajti me 10 lojtarë, në një ndeshje që shkëlqyen dyshja Mario Mandzukic dhe Cristiano Ronaldo të dielën në Torino. Edhe pas plot shtatë xhirosh në edicionin e ri të kampionatit italian, kampioni në fuqi Juventusi nuk lëshon pikë, pasi duke e mposhtur Napolin 3-1 në “Allianz Arena” e ka çuar ecurinë e përkryer të fitoreve radhazi në shtatë. Mysafirët nga Napoli kaluan të parët në epërsi në këtë derbit, kur Mertens realizoi në fillim të ndeshjes. Juventusi përmbysi gjithçka në vazhdim të ndeshjes, me dy gola të shënuara nga Mandzukic dhe një nga Bonucci. Notat e lojtarëve për paraqitjen në derbin Juventus 3:1 Napoli i gjeni në fotografinë e mëposhtme."
"AUTORI:MERO BAZE Protesta e sotëme në Kosovë, e thirrur kundër Presidentit Hashim Thaçi që po tenton një marrëveshje personale për ndryshimin e kujëve të Kosovës, paradoksalisht i dha mbështetje Albin Kurtit ta udhëheq procesin e ndryshimit të kufijëve. Për të gjitha ato arsye që ne i trembemi aventurës së Hashim Thaçit me Aleksandër Vuçiçin, nën garancitë e paqarta të stat të ri të Presidentit Trump, protesta e sotme dduhet të jepte mesazhin e paprekshmërisë s ështetit të ri të Kosoës, simboleve të tij, kujëve të tij konvecionalë dhe të dëshmohej se çdo personalitet politik në Kosovë që tenton të tjetërsoj kujtë e saj të tuar me gjakë do të dështoj. Por protesta në Kosovë u zhvillua nën amurin kombëtar të Shqipërisë dhe nën himnin e amurit t Shqipërisë, duke zhdukur nga qarkullimi simbolet e shtetit të ri të Kosovës dhe çka është më e rëndësishme identitetin e saj të ri si shteti I dytë shqiptar. Protesta ishte një manifestim. I zjarrtë për ndryshimin e kujëve bashkimin e Kosovës me Shqipërinë, dhe në këtë histori, pse jo dhe për ato detajet e Marrëveshjeve skicë të Hashim Thaçit me Vuçiçin. Ashtu si në takimin me Sali Berishën, duket se Albin Kurti nuk është I shqetësuar nga teza e ndryshimit të kujëve të Hashim Thaçit që është shumë e rrezikshme, por është I shqetësuar nga besimi, se ajo po bën Thaçi mund ta bëj atë realitet dhe ai e shikon këtë si çështje aktorësh të ngelur jashtë historisë. Pra thjeshtë duket se mendon që Thaçi po i konsumon mitin e tij politik, atë të bashkimit të Shqipërisë me Kosovën. Beteja e sotme reale e protestës në Prishtinë, nuk ishte siç u tha mbrojtja e kujëve nga Hashimi, por fakti që shqiptarët ja besojnë Albinit ndryshimin e kujëve dhe bashkimin me Shqipërinë dhe jo Hashim Thaçit. Mund të jetë dhe kështu. Dhe unë besoj se Kurti është më i zoti për këtë punën e Bashkimit se e ka dhe teori të vjetër të partisë së tij. Por protesta e sotme, ishte për mos prekjen e kujëve, jo për prkjen e kujëve dhe bashkimin me Shqipërinë. Kurti është I lire të bëj çdo ditë protesta për Bashkimin e Shqipërisë me Kosovën në Prishtinë, por jo ti nis si protesta për mos prekje kujsh, por ti deklaroj ashtu si I bën. Se kështu si u bë, ishte një garë mes Kurtit dhe Thaçit, kush I prish më pare kujtë dhe nuk ishte ashtu siç u lajmërua si protestë për të mbrojtur kujtë e Kosovës. Është siç thuhet në një fjalë të urtë shqiptare: Hiqjani Hashimit, jepjani Albinit! Dhe në kushtet kur çështja e kujëve ka ndarë Evropën nga SHBA në çështjen e Kosovës, protesta e sotme, në vend të dëshmonte mungesnë e mbështetjes së Hashim Thaçit, dëshmoi të kundërtën, mbështjen që Albinin. Dhe në kushtet kur çështja e kujëve ka ndarë Evropën nga SHBA në çështjen e Kosovës, protesta e sotme, në vend të dëshmonte mungesnë e mbështetjes së Hashim Thaçit, dëshmoi të kundërtën, mbështjen që Albin Kurti ka për të bërë të njëjtën gjë. Biles atë që në Evropë e SHBA akoma nuk duan ta dëgjojnë.",2018-09-29 18:48:32,Protesta që mbështeti ndryshimin e kufijve të Kosovës,Opinione,ernis zejnullahu,Ballkani,2024-11-12T09:49:10Z,"AUTORI:MERO BAZE Protesta e sotëme në Kosovë, e thirrur kundër Presidentit Hashim Thaçi që po tenton një marrëveshje personale për ndryshimin e kujëve të Kosovës, paradoksalisht i dha mbështetje Albin Kurtit ta udhëheq procesin e ndryshimit të kufijëve. Për të gjitha ato arsye që ne i trembemi aventurës së Hashim Thaçit me Aleksandër Vuçiçin, nën garancitë e paqarta të stat të ri të Presidentit Trump, protesta e sotme dduhet të jepte mesazhin e paprekshmërisë s ështetit të ri të Kosoës, simboleve të tij, kujëve të tij konvecionalë dhe të dëshmohej se çdo personalitet politik në Kosovë që tenton të tjetërsoj kujtë e saj të tuar me gjakë do të dështoj. Por protesta në Kosovë u zhvillua nën amurin kombëtar të Shqipërisë dhe nën himnin e amurit t Shqipërisë, duke zhdukur nga qarkullimi simbolet e shtetit të ri të Kosovës dhe çka është më e rëndësishme identitetin e saj të ri si shteti I dytë shqiptar. Protesta ishte një manifestim. I zjarrtë për ndryshimin e kujëve bashkimin e Kosovës me Shqipërinë, dhe në këtë histori, pse jo dhe për ato detajet e Marrëveshjeve skicë të Hashim Thaçit me Vuçiçin. Ashtu si në takimin me Sali Berishën, duket se Albin Kurti nuk është I shqetësuar nga teza e ndryshimit të kujëve të Hashim Thaçit që është shumë e rrezikshme, por është I shqetësuar nga besimi, se ajo po bën Thaçi mund ta bëj atë realitet dhe ai e shikon këtë si çështje aktorësh të ngelur jashtë historisë. Pra thjeshtë duket se mendon që Thaçi po i konsumon mitin e tij politik, atë të bashkimit të Shqipërisë me Kosovën. Beteja e sotme reale e protestës në Prishtinë, nuk ishte siç u tha mbrojtja e kujëve nga Hashimi, por fakti që shqiptarët ja besojnë Albinit ndryshimin e kujëve dhe bashkimin me Shqipërinë dhe jo Hashim Thaçit. Mund të jetë dhe kështu. Dhe unë besoj se Kurti është më i zoti për këtë punën e Bashkimit se e ka dhe teori të vjetër të partisë së tij. Por protesta e sotme, ishte për mos prekjen e kujëve, jo për prkjen e kujëve dhe bashkimin me Shqipërinë. Kurti është I lire të bëj çdo ditë protesta për Bashkimin e Shqipërisë me Kosovën në Prishtinë, por jo ti nis si protesta për mos prekje kujsh, por ti deklaroj ashtu si I bën. Se kështu si u bë, ishte një garë mes Kurtit dhe Thaçit, kush I prish më pare kujtë dhe nuk ishte ashtu siç u lajmërua si protestë për të mbrojtur kujtë e Kosovës. Është siç thuhet në një fjalë të urtë shqiptare: Hiqjani Hashimit, jepjani Albinit! Dhe në kushtet kur çështja e kujëve ka ndarë Evropën nga SHBA në çështjen e Kosovës, protesta e sotme, në vend të dëshmonte mungesnë e mbështetjes së Hashim Thaçit, dëshmoi të kundërtën, mbështjen që Albinin. Dhe në kushtet kur çështja e kujëve ka ndarë Evropën nga SHBA në çështjen e Kosovës, protesta e sotme, në vend të dëshmonte mungesnë e mbështetjes së Hashim Thaçit, dëshmoi të kundërtën, mbështjen që Albin Kurti ka për të bërë të njëjtën gjë. Biles atë që në Evropë e SHBA akoma nuk duan ta dëgjojnë."
"E vendosur në qendër të kritikave nga aktivistët, kompania Mattel është tërhequr nga ideja e prodhimit dhe hedhjes në treg të një “kujdestareje fëmijësh” inteligjent. Bëhet fjalë për një pajisje hi-tech e aftë të dallojë gjendjen e fëmijës dhe të reagojë sipas situatave të përshtatshme. Kështu, nëse foshnja qan, atëherë pajisja e quajtur “Aristotle” e porositur nga Mattel do të këndonte ninulla për ta rivënë në gjumë. Projekti është bërë publik që në muajin janar, por kritikat dhe fushata e aktivistëve detyruan kompaninë që të anulonte disa herë hedhjen e saj në treg deri në vendimin e marrë së fundmi për të hequr krejtësisht dorë nga ky projekt. “Aristotle është dizenjuar me një qëllim dhe mision specifik për të ndihmuar prindërit me teknologjinë më të avancuar, që ata ta kenë më të lehtë për të mbrojtur dhe zhvilluar fëmijën e tyre”, deklaronte Mattle disa muaj më parë. Megjithatë, aktivistët këmbëngulën dhe në fushatën e tyre e cilësonin joetike përdorimin e inteligjencës artificiale për të rritur fëmijët, qoftë edhe për pak kohë.",2018-09-29 18:51:07,“Roboti” që i vë në gjumë fëmijët,Life &amp; Style,ernis zejnullahu,Ballkani,2024-11-12T09:49:10Z,"E vendosur në qendër të kritikave nga aktivistët, kompania Mattel është tërhequr nga ideja e prodhimit dhe hedhjes në treg të një “kujdestareje fëmijësh” inteligjent. Bëhet fjalë për një pajisje hi-tech e aftë të dallojë gjendjen e fëmijës dhe të reagojë sipas situatave të përshtatshme. Kështu, nëse foshnja qan, atëherë pajisja e quajtur “Aristotle” e porositur nga Mattel do të këndonte ninulla për ta rivënë në gjumë. Projekti është bërë publik që në muajin janar, por kritikat dhe fushata e aktivistëve detyruan kompaninë që të anulonte disa herë hedhjen e saj në treg deri në vendimin e marrë së fundmi për të hequr krejtësisht dorë nga ky projekt. “Aristotle është dizenjuar me një qëllim dhe mision specifik për të ndihmuar prindërit me teknologjinë më të avancuar, që ata ta kenë më të lehtë për të mbrojtur dhe zhvilluar fëmijën e tyre”, deklaronte Mattle disa muaj më parë. Megjithatë, aktivistët këmbëngulën dhe në fushatën e tyre e cilësonin joetike përdorimin e inteligjencës artificiale për të rritur fëmijët, qoftë edhe për pak kohë."
"Mijëra njerëz kanë protestuar për dhe kundër pavarësisë së Katalonisë, dy ditë para përvjetorit të votës së vitit të kaluar që polarizoi rajonin e vlefshëm spanjoll. Tensionet po vazhdojnë të rriten një vit pas votimit që nga Madridi u cilësua ilegal, por për katalunasit u shndërrua në festë. Grupet pro-pavarësisë kanë qëndruar në tenda gjatë natës së premte për të parandaluar protestat kundër. Autoritetet e Katalonisë thanë se 1000 persona ishin lënduar pasi policia kishte tentuar të ndalonte votimin në qendrat votuese para një viti. Për disa orë, grupi pro-pavarësi ka brohoritur “As falje as harresë” duke u përballuar me protestat kundër që bënin thirrje si “Spanja me jetë të gjatë”. Fundjava pritet të kalohet me protesta të paralajmëruara për të shënuar votimin për pavarësinë e Katalionsë vitin e kaluar.",2018-09-29 18:54:03,Tensione në Barcelonë pas protestave për dhe kundër pavarësisë së Katalonisë,Lajme,ernis zejnullahu,Ballkani,2024-11-12T09:49:10Z,"Mijëra njerëz kanë protestuar për dhe kundër pavarësisë së Katalonisë, dy ditë para përvjetorit të votës së vitit të kaluar që polarizoi rajonin e vlefshëm spanjoll. Tensionet po vazhdojnë të rriten një vit pas votimit që nga Madridi u cilësua ilegal, por për katalunasit u shndërrua në festë. Grupet pro-pavarësisë kanë qëndruar në tenda gjatë natës së premte për të parandaluar protestat kundër. Autoritetet e Katalonisë thanë se 1000 persona ishin lënduar pasi policia kishte tentuar të ndalonte votimin në qendrat votuese para një viti. Për disa orë, grupi pro-pavarësi ka brohoritur “As falje as harresë” duke u përballuar me protestat kundër që bënin thirrje si “Spanja me jetë të gjatë”. Fundjava pritet të kalohet me protesta të paralajmëruara për të shënuar votimin për pavarësinë e Katalionsë vitin e kaluar."
"Një linjë e shpejtë hekurudhore me gjatësi prej 450 kilometrash dhe me vlerë prej 16 miliardë dollarësh do t’i lidhë Mekën dhe Medinën. Kjo do ta përshpejtojë kohën e udhëtimit për madje tri orë, dhe në vend të pesë orëve deri në Medinë, do të mundë të arrihet për vetëm dy orë, raporton portali “Al Jazeera”. Arabia Saudite e ka hapur një linjë të shpejtë hekurudhore e cila do t’i lidhë dy qytetet më të shenjta islamike. Ky veprim do t’ua lehtësojë pelegrinëve muslimanë t’i vizitojnë këto qytete. Trenat e shpejtë do t’i transportojnë udhëtarët e rregullt dhe do të lëvizin e shpejtësi prej 300 kilometrash në orë – gjë që do ta shkurtojë kohën e udhëtimit nga pesë në dy orë. Aktualisht në dispozicion janë 35 trena. “Rruga nga Haramaini tani është më e shkurtër dhe më e lehtë se kurrë më parë”, tha ministri i Transportit, Nabil al-Amoudi, para njerëzve të mbledhur në stacionin Jeddah. Ky projekt e rrit përkushtimin e mbretërisë për një shërbim më të mirë ndaj islamit dhe myslimanëve, shtoi ai. Kjo linjë do t’i lidhë pesë stacione: Mekën, Jeddah, Qytetin Ekonomik të Mbretit Abdullah, aeroportin Abdulaziz dhe Medinën.",2018-09-29 18:56:29,Arabia Saudite prezanton trenat e shpejtë që lidhin Mekën dhe Medinën,Ballina,ernis zejnullahu,Ballkani,2024-11-12T09:49:10Z,"Një linjë e shpejtë hekurudhore me gjatësi prej 450 kilometrash dhe me vlerë prej 16 miliardë dollarësh do t’i lidhë Mekën dhe Medinën. Kjo do ta përshpejtojë kohën e udhëtimit për madje tri orë, dhe në vend të pesë orëve deri në Medinë, do të mundë të arrihet për vetëm dy orë, raporton portali “Al Jazeera”. Arabia Saudite e ka hapur një linjë të shpejtë hekurudhore e cila do t’i lidhë dy qytetet më të shenjta islamike. Ky veprim do t’ua lehtësojë pelegrinëve muslimanë t’i vizitojnë këto qytete. Trenat e shpejtë do t’i transportojnë udhëtarët e rregullt dhe do të lëvizin e shpejtësi prej 300 kilometrash në orë – gjë që do ta shkurtojë kohën e udhëtimit nga pesë në dy orë. Aktualisht në dispozicion janë 35 trena. “Rruga nga Haramaini tani është më e shkurtër dhe më e lehtë se kurrë më parë”, tha ministri i Transportit, Nabil al-Amoudi, para njerëzve të mbledhur në stacionin Jeddah. Ky projekt e rrit përkushtimin e mbretërisë për një shërbim më të mirë ndaj islamit dhe myslimanëve, shtoi ai. Kjo linjë do t’i lidhë pesë stacione: Mekën, Jeddah, Qytetin Ekonomik të Mbretit Abdullah, aeroportin Abdulaziz dhe Medinën."
"Serbët në veri të Kosovës nuk do të lejojnë që shqiptarët të marrin Ujmanin, ka deklaruar drejtori i kompanisë publike dhe i distribucionit “Ibër’ që menaxhon me liqenin e Ujmanit, Sërgjan Vuloviq, i cili vizitën e sotme të presidentit të Kosovës, Hashim Thaçi, në Ujman e ka cilësuar si “provokim të pastër me qëllim që të rëndohet dialogu në Bruksel”. Vuloviq ka thënë se qytetarëve të Zubin Potokut që po protestojnë paqësisht në rrugën magjistrale Mitrovicë – Bernjak, u janë bashkuar edhe dhjetëra qytetarë nga Mitrovica e Zveçani. “Të gjithë jemi solidarizuar sot, e ajo që është e sigurt është se nuk do t’ua lejojmë që ta marrin Ujmanin”, ka thënë Vuloviq për “TV Prva”, transmeton Koha.net. Vizitën e Thaçit në Ujman, ai e ka cilësuar si “provokim të pastër” me qëllimin që, siç thotë ai, të vështirësojë dialogun në Bruksel dhe arritjen e çfarëdo zgjidhjeje me Prishtinën. “Zubin Potoku është zonë e pastër serbe, dhe ky është provokim i pastër që të reagojmë siç nuk duhet dhe që dhunës t’i përgjigjemi me dhunë. Mirëpo, sot jemi përmbajtur dhe nuk kemi bërë asnjë hap të gabuar”, është shprehur Vuloviq. Ai ka thënë të ketë qenë në objektin e hidroelektranës derisa Thaçi dhe pjesëtarët e ROSU-s kanë qëndruar në Ujman, dhe se forcat speciale e kanë legjitimuar por “nuk shkaktuan probleme”. “Gjithë ditën i kam vizituar punëtorët për të parë se çfarë po ndodhë. E kam parë Thaçi nga distanca prej rreth 100 metrave”, shtoi ai. Siç ka thënë ai, mëngjesin e sotëm rreth orës 7, fillimisht janë parë vetura SUV civile që kanë kaluar nëpër rrugën magjistrale kah Ujmani, ndërsa rreth orës 10 ka kaluar një kolonë prej rreth 7-8 automjeteve të blinduara me pjesëtarë të ROSU-s. Vuloviq ka shtuar se pas kësaj kanë kaluar edhe dhjetëra automjete në mesin e të cilave, siç ka vënë re ai, kishte më së shumti automjete policore, por edhe dy SUV civilë amerikanë. Thotë se aktualisht para Ujmanit 2 ndodhen dy automjete të KFOR-it. “Nuk kanë komunikuar me neve, por me gjasë janë këtu për sigurinë tonë”, theksoi Vuloviq.",2018-09-29 18:58:49,Drejtori i Ujmanit: Nuk do të lejojmë që shqiptarët të marrin liqenin tonë,Lajme,ernis zejnullahu,Ballkani,2024-11-12T09:49:10Z,"Serbët në veri të Kosovës nuk do të lejojnë që shqiptarët të marrin Ujmanin, ka deklaruar drejtori i kompanisë publike dhe i distribucionit “Ibër’ që menaxhon me liqenin e Ujmanit, Sërgjan Vuloviq, i cili vizitën e sotme të presidentit të Kosovës, Hashim Thaçi, në Ujman e ka cilësuar si “provokim të pastër me qëllim që të rëndohet dialogu në Bruksel”. Vuloviq ka thënë se qytetarëve të Zubin Potokut që po protestojnë paqësisht në rrugën magjistrale Mitrovicë – Bernjak, u janë bashkuar edhe dhjetëra qytetarë nga Mitrovica e Zveçani. “Të gjithë jemi solidarizuar sot, e ajo që është e sigurt është se nuk do t’ua lejojmë që ta marrin Ujmanin”, ka thënë Vuloviq për “TV Prva”, transmeton Koha.net. Vizitën e Thaçit në Ujman, ai e ka cilësuar si “provokim të pastër” me qëllimin që, siç thotë ai, të vështirësojë dialogun në Bruksel dhe arritjen e çfarëdo zgjidhjeje me Prishtinën. “Zubin Potoku është zonë e pastër serbe, dhe ky është provokim i pastër që të reagojmë siç nuk duhet dhe që dhunës t’i përgjigjemi me dhunë. Mirëpo, sot jemi përmbajtur dhe nuk kemi bërë asnjë hap të gabuar”, është shprehur Vuloviq. Ai ka thënë të ketë qenë në objektin e hidroelektranës derisa Thaçi dhe pjesëtarët e ROSU-s kanë qëndruar në Ujman, dhe se forcat speciale e kanë legjitimuar por “nuk shkaktuan probleme”. “Gjithë ditën i kam vizituar punëtorët për të parë se çfarë po ndodhë. E kam parë Thaçi nga distanca prej rreth 100 metrave”, shtoi ai. Siç ka thënë ai, mëngjesin e sotëm rreth orës 7, fillimisht janë parë vetura SUV civile që kanë kaluar nëpër rrugën magjistrale kah Ujmani, ndërsa rreth orës 10 ka kaluar një kolonë prej rreth 7-8 automjeteve të blinduara me pjesëtarë të ROSU-s. Vuloviq ka shtuar se pas kësaj kanë kaluar edhe dhjetëra automjete në mesin e të cilave, siç ka vënë re ai, kishte më së shumti automjete policore, por edhe dy SUV civilë amerikanë. Thotë se aktualisht para Ujmanit 2 ndodhen dy automjete të KFOR-it. “Nuk kanë komunikuar me neve, por me gjasë janë këtu për sigurinë tonë”, theksoi Vuloviq."
"Protesta e sotme ishte paradoksale. Të protestohet për mbrojtjen e Republikës, ndaj së cilës është protestuar e kundërshtuar ashpër në shkurtin e 2007-ës, ku dhe vetë isha njëri ndër protestuesit. Republikë, të cilën VV-ja e ka identifikuar me Thaçin, e sot ka protestuar ta mbrojë po nga Thaçi. Vërtet është mungesë e vizionit politik, ose dhe më keq, në interpretimin tim politik do të thotë dhjetë vjetë mbrapa ideve dhe vizionit të Thaçit. Protestat kundër dialogut në Vjenë, kundër planit Ahtisaari, kundër demarkacionit me Malin e Zi, tashmë edhe kundër dialogut përmbyllës për normalizimin e marrëdhënieve me Serbinë, gjithnjë vetëm sa e kanë sforcuar edhe më tej pozicionin e Hashim Thaçit. Përgjatë gjithë këtij procesi më shumë se dhjetë vjeçar, Ai ka dalë fitues. Të tjerët jemi vetëm protestues dhe konsumues të realitetit të krijuar nga Ai. Rrjedhimisht, ky vend ka pasur dhe ka nevojë për protesta për ta rrëzuar, apo për të ja zvogëluar fuqinë vendimmarrëse Hashim Thaçit, porse në asnjë mënyrë për ta forcuar atë. Prej këndit tim, me vite të tëra qëllimshëm ose jo, sikurse dhe sot, është përzgjedhur kauzë edhe strategji e gabuar për atë dhe efekti është fuqizimi i pushtetit të Hashim Thaçit. Ai, ka ecur në planifikimet e tija duke e lënë opozitën dhe shoqërinë civile prapa, të cilat duke e shndërruar Atë në target, nuk kanë bërë asnjë përpjekje për të ofruar ndonjë strategji, apo vizion për të ja hequr ose zvogëluar fuqinë e pushtetit nga dora. Ai asnjëherë nuk është marrë me idetë dhe vizionin politik tonin, ngase asnjëherë nuk kemi vepruar përpara tij. Asnjëherë nuk kemi arrit ta detyrojmë që ai të merret me çështjet që kemi ngritë ne. Por, vazhdimisht Ne jemi marrë me politikat, vizionin dhe vendimet që ka marrë ai. Asnjëherë, asnjë protestë e asnjë kauzë nuk ka filluar e as që ka mbaruar me bashkim opozitar kundrejt keqqeverisjes, korrupsionit apo kapjes së shtetit, të cilin pretendohet ta ketë bërë Hashim Thaçi. Në relacion me politikën e jashtme, dialogun me Serbinë dhe përmbylljen e statusit të Kosovës, është pothuajse e pamundur të mundet, vetëm duke kundërshtuar idetë e tija, e pa prezantuar asnjë alternativë. Prandaj, energjia e opozitës dhe e shoqërisë civile duhet përqendruar në prodhimin e ideve të reja për dalje nga kjo bllokadë dhe ku ato janë prijëse, teksa Hashim Thaçi të detyrohet të jetë pasues i tyre. Ky inverzion politik duhet të ndodh sa më shpejtë, ndryshe opozita dhe SHC-ja do të vazhdojnë ta bëjnë jetën e tyre në nivel të interpretuesve të ideve politike të Hashimit të Thaçit, porse jo të prodhimit të ideve dhe vendimmarrjes politike! Për më keq, sikurse sot do të protestojmë dhe pas dhjetë vite në mbrojtje të asaj që tani do ta bëjë zgjidhje të obligueshme Thaçi.",2018-09-29 19:42:54,"Protestat si kjo sot, s&#8217;ia kufizojnë fuqinë por e bëjnë të plotfuqishëm Thaçin!?",Opinione,ernis zejnullahu,Ballkani,2024-11-12T09:49:10Z,"Protesta e sotme ishte paradoksale. Të protestohet për mbrojtjen e Republikës, ndaj së cilës është protestuar e kundërshtuar ashpër në shkurtin e 2007-ës, ku dhe vetë isha njëri ndër protestuesit. Republikë, të cilën VV-ja e ka identifikuar me Thaçin, e sot ka protestuar ta mbrojë po nga Thaçi. Vërtet është mungesë e vizionit politik, ose dhe më keq, në interpretimin tim politik do të thotë dhjetë vjetë mbrapa ideve dhe vizionit të Thaçit. Protestat kundër dialogut në Vjenë, kundër planit Ahtisaari, kundër demarkacionit me Malin e Zi, tashmë edhe kundër dialogut përmbyllës për normalizimin e marrëdhënieve me Serbinë, gjithnjë vetëm sa e kanë sforcuar edhe më tej pozicionin e Hashim Thaçit. Përgjatë gjithë këtij procesi më shumë se dhjetë vjeçar, Ai ka dalë fitues. Të tjerët jemi vetëm protestues dhe konsumues të realitetit të krijuar nga Ai. Rrjedhimisht, ky vend ka pasur dhe ka nevojë për protesta për ta rrëzuar, apo për të ja zvogëluar fuqinë vendimmarrëse Hashim Thaçit, porse në asnjë mënyrë për ta forcuar atë. Prej këndit tim, me vite të tëra qëllimshëm ose jo, sikurse dhe sot, është përzgjedhur kauzë edhe strategji e gabuar për atë dhe efekti është fuqizimi i pushtetit të Hashim Thaçit. Ai, ka ecur në planifikimet e tija duke e lënë opozitën dhe shoqërinë civile prapa, të cilat duke e shndërruar Atë në target, nuk kanë bërë asnjë përpjekje për të ofruar ndonjë strategji, apo vizion për të ja hequr ose zvogëluar fuqinë e pushtetit nga dora. Ai asnjëherë nuk është marrë me idetë dhe vizionin politik tonin, ngase asnjëherë nuk kemi vepruar përpara tij. Asnjëherë nuk kemi arrit ta detyrojmë që ai të merret me çështjet që kemi ngritë ne. Por, vazhdimisht Ne jemi marrë me politikat, vizionin dhe vendimet që ka marrë ai. Asnjëherë, asnjë protestë e asnjë kauzë nuk ka filluar e as që ka mbaruar me bashkim opozitar kundrejt keqqeverisjes, korrupsionit apo kapjes së shtetit, të cilin pretendohet ta ketë bërë Hashim Thaçi. Në relacion me politikën e jashtme, dialogun me Serbinë dhe përmbylljen e statusit të Kosovës, është pothuajse e pamundur të mundet, vetëm duke kundërshtuar idetë e tija, e pa prezantuar asnjë alternativë. Prandaj, energjia e opozitës dhe e shoqërisë civile duhet përqendruar në prodhimin e ideve të reja për dalje nga kjo bllokadë dhe ku ato janë prijëse, teksa Hashim Thaçi të detyrohet të jetë pasues i tyre. Ky inverzion politik duhet të ndodh sa më shpejtë, ndryshe opozita dhe SHC-ja do të vazhdojnë ta bëjnë jetën e tyre në nivel të interpretuesve të ideve politike të Hashimit të Thaçit, porse jo të prodhimit të ideve dhe vendimmarrjes politike! Për më keq, sikurse sot do të protestojmë dhe pas dhjetë vite në mbrojtje të asaj që tani do ta bëjë zgjidhje të obligueshme Thaçi."
"Valteri Bottas befason Lewis Hamilton, megjithatë edhe provat zyrtare të Çmimit të Madh të Rusisë ishin një dominim total i Mercedes. Në Sochi, finlandezi Valteri Bottas regjistroi xhiron më të shpejtë me kohën e shkëlqyer 1 minutë 38 sekonda e 387 të mijtat. Disi më i ngadaltë Lewis Hamilton se shoku i tij i skuadrës me anglezin që do të ngjitet nga vendi i dytë në garën e kësaj të diele. Nga radha e dytë do të nisen dy pilotët e Ferrarit, Vettel dhe Raikkonen të cilët ishin më shumë se gjysmë sekondi më të ngadaltë se Bottas. Zhgënjyen totalisht dy pilotët e Red Bullit Verstappen dhe Ricciardo që nuk u kualifikuan në sesionin e tretë dhe do të nisen në garën e nesërme nga pozicionet 11 dhe 12.",2018-09-29 19:47:10,"Formula 1, Mercedes dominon në Sochi",Sport,ernis zejnullahu,Ballkani,2024-11-12T09:49:10Z,"Valteri Bottas befason Lewis Hamilton, megjithatë edhe provat zyrtare të Çmimit të Madh të Rusisë ishin një dominim total i Mercedes. Në Sochi, finlandezi Valteri Bottas regjistroi xhiron më të shpejtë me kohën e shkëlqyer 1 minutë 38 sekonda e 387 të mijtat. Disi më i ngadaltë Lewis Hamilton se shoku i tij i skuadrës me anglezin që do të ngjitet nga vendi i dytë në garën e kësaj të diele. Nga radha e dytë do të nisen dy pilotët e Ferrarit, Vettel dhe Raikkonen të cilët ishin më shumë se gjysmë sekondi më të ngadaltë se Bottas. Zhgënjyen totalisht dy pilotët e Red Bullit Verstappen dhe Ricciardo që nuk u kualifikuan në sesionin e tretë dhe do të nisen në garën e nesërme nga pozicionet 11 dhe 12."
"Edhe pse temperaturat këtë fund shtatori kanë rënë ndjeshëm, zjarrvëniet e qëllimshme janë kthyer në një problem. Një vatër zjarri ka rënë mbrëmjen e së shtunës në aksin rrugor Shkodër-Lezhë. Një kalimtar i rastit ka filmuar flakët dhe i ka dërguar në Ti Raporton. Ndiqni pamjet pa koment.",2018-09-29 19:49:48,"Zjarr pranë aksit rrugor Shkodër-Lezhë, flakët prekin makinat",Video,ernis zejnullahu,Ballkani,2024-11-12T09:49:10Z,"Edhe pse temperaturat këtë fund shtatori kanë rënë ndjeshëm, zjarrvëniet e qëllimshme janë kthyer në një problem. Një vatër zjarri ka rënë mbrëmjen e së shtunës në aksin rrugor Shkodër-Lezhë. Një kalimtar i rastit ka filmuar flakët dhe i ka dërguar në Ti Raporton. Ndiqni pamjet pa koment."
"Presidenti i Turqisë, Recep Tayyip Erdogan, i doli në mbrojtje Mesut Ozilit, futbollist gjerman, me rrënjë turke, i cili është përballur me kritika për shkak të daljes në fotografi me Erdoganin. Ozil, 29 vjeç, është tërhequr nga kombëtarja gjermane në muajin korrik, për shkak të, siç ka thënë, “racizmit dhe mosrespektit” ndaj tij, në lidhje me fotografinë. “A duhemi ne të linçojmë një lojtar gjerman, i cili luan në vendin tonë, nëse ai del në fotografi me Merkel”, pyeti Erdogan. Ai do të vizitojë Gjermaninë këtë javë, në përpjekje për të përmirësuar marrëdhëniet e tensionuara. Në mars të vitit të kaluar, Erdogan i ka krahasuar zyrtarët gjermanë me nazistët. Ai i ka bërë këto komente pasi autoritetet gjermane i kanë anuluar tubimet, që ai ka planifikuar t’i mbajë për diasporën turke në Gjermani, në prag të një referendumi të rëndësishëm për pushtetin e tij. Berlini po ashtu e ka kritikuar Erdoganin për shtypjen e kundërshtarëve politikë, pas përpjekjes për grushtshtet në Turqi, në vitin 2016.",2018-09-29 19:52:38,"Erdogan mbron Ozilin, në prag të udhëtimit në Gjermani",Ballkani,ernis zejnullahu,Ballkani,2024-11-12T09:49:10Z,"Presidenti i Turqisë, Recep Tayyip Erdogan, i doli në mbrojtje Mesut Ozilit, futbollist gjerman, me rrënjë turke, i cili është përballur me kritika për shkak të daljes në fotografi me Erdoganin. Ozil, 29 vjeç, është tërhequr nga kombëtarja gjermane në muajin korrik, për shkak të, siç ka thënë, “racizmit dhe mosrespektit” ndaj tij, në lidhje me fotografinë. “A duhemi ne të linçojmë një lojtar gjerman, i cili luan në vendin tonë, nëse ai del në fotografi me Merkel”, pyeti Erdogan. Ai do të vizitojë Gjermaninë këtë javë, në përpjekje për të përmirësuar marrëdhëniet e tensionuara. Në mars të vitit të kaluar, Erdogan i ka krahasuar zyrtarët gjermanë me nazistët. Ai i ka bërë këto komente pasi autoritetet gjermane i kanë anuluar tubimet, që ai ka planifikuar t’i mbajë për diasporën turke në Gjermani, në prag të një referendumi të rëndësishëm për pushtetin e tij. Berlini po ashtu e ka kritikuar Erdoganin për shtypjen e kundërshtarëve politikë, pas përpjekjes për grushtshtet në Turqi, në vitin 2016."
Maqedonia po i afrohet udhëkryqit historik. Fundi potencial i mosmarrëveshjes 27-vjeçare me Greqinë ka gjasa ta tërheqë këtë vend më pranë Bashkimit Evropian.,2018-09-29 19:55:15,Maqedonia në udhëkryq,Video,ernis zejnullahu,Ballkani,2024-11-12T09:49:10Z,Maqedonia po i afrohet udhëkryqit historik. Fundi potencial i mosmarrëveshjes 27-vjeçare me Greqinë ka gjasa ta tërheqë këtë vend më pranë Bashkimit Evropian.
"Presidenti i Serbisë, Aleksandar Vuçiq, tha se hyrja e forcave speciale të Kosovës, ROSU, ditën e shtunë në veri të Kosovës, përbën “sulm të armatosur banditësh”. “Me hyrjen e njësive speciale ROSU në veri të Kosovës u kërcënua dhe sulmua paqja”. “Operacioni përfshiu 110 deri në 130 anëtarë të forcave të sigurisë së Kosovës, të gjithë shqiptarë, që kanë zënë rrugë hyrëse dhe të gjitha objektet pranë Ujmanit, duke keqtrajtuar brutalisht disa persona dhe duke mbajtur peng katër”, tha Vuçiq. Njësitet speciale të Kosovës qenë të shtunën në veri në përcjellje të presidentit të Kosovës, Hashim Thaçi, i cili vizitoi vendkalimin kufitar Bërnjak dhe Liqenin e Ujmanit. Thaçi tha se vizita e tij atje ishte “rutinore” dhe “krejt normale”, por autoritetet në Serbi thanë se Policia e Kosovës ka marrë nën kontroll Liqenin dhe hidrocentralin e Ujmanit dhe se ka arrestuar disa serbë. Këto pretendime, megjithatë, u hodhën poshtë nga zëvendësdrejtori i policisë për rajonin e Mitrovicës Veriore, Besim Hoti. Vuçiq, në një fjalim drejtuar kombit serb, tha se me “dhunën e sotme” janë shkelur disa marrëveshje dhe se përfaqësuesit e Kosovës treguan se këto marrëveshje nuk i obligojnë ata dhe, për më tepër, shtoi Vuçiq, ata e kanë mbështetjen e aleatëve të tyre perëndimorë. “Shqiptarët e armatosur në veri të Kosovës, sipas marrëveshjeve që kemi arritur, mund të shfaqen vetëm me përmbushjen e dy kushteve: me miratimin e NATO-s dhe me pëlqimin e plotë të komunitetit lokal serb”, tha Vuçiq. “Nuk e di nëse kanë pasur pëlqimin e NATO-s, por kushti i dytë është shkelur plotësisht”, tha presidenti serb. Ai tha se ka urdhëruar shefin e shtatmadhorisë së ushtrisë serbe që të vë ushtrinë në gjendje të gatishmërisë maksimale.",2018-09-29 20:03:32,Vuçiq: Kam urdhëruar ushtrinë të jetë në gjendje të gatishmërisë maksimale,Lajme,ernis zejnullahu,Ballkani,2024-11-12T09:49:10Z,"Presidenti i Serbisë, Aleksandar Vuçiq, tha se hyrja e forcave speciale të Kosovës, ROSU, ditën e shtunë në veri të Kosovës, përbën “sulm të armatosur banditësh”. “Me hyrjen e njësive speciale ROSU në veri të Kosovës u kërcënua dhe sulmua paqja”. “Operacioni përfshiu 110 deri në 130 anëtarë të forcave të sigurisë së Kosovës, të gjithë shqiptarë, që kanë zënë rrugë hyrëse dhe të gjitha objektet pranë Ujmanit, duke keqtrajtuar brutalisht disa persona dhe duke mbajtur peng katër”, tha Vuçiq. Njësitet speciale të Kosovës qenë të shtunën në veri në përcjellje të presidentit të Kosovës, Hashim Thaçi, i cili vizitoi vendkalimin kufitar Bërnjak dhe Liqenin e Ujmanit. Thaçi tha se vizita e tij atje ishte “rutinore” dhe “krejt normale”, por autoritetet në Serbi thanë se Policia e Kosovës ka marrë nën kontroll Liqenin dhe hidrocentralin e Ujmanit dhe se ka arrestuar disa serbë. Këto pretendime, megjithatë, u hodhën poshtë nga zëvendësdrejtori i policisë për rajonin e Mitrovicës Veriore, Besim Hoti. Vuçiq, në një fjalim drejtuar kombit serb, tha se me “dhunën e sotme” janë shkelur disa marrëveshje dhe se përfaqësuesit e Kosovës treguan se këto marrëveshje nuk i obligojnë ata dhe, për më tepër, shtoi Vuçiq, ata e kanë mbështetjen e aleatëve të tyre perëndimorë. “Shqiptarët e armatosur në veri të Kosovës, sipas marrëveshjeve që kemi arritur, mund të shfaqen vetëm me përmbushjen e dy kushteve: me miratimin e NATO-s dhe me pëlqimin e plotë të komunitetit lokal serb”, tha Vuçiq. “Nuk e di nëse kanë pasur pëlqimin e NATO-s, por kushti i dytë është shkelur plotësisht”, tha presidenti serb. Ai tha se ka urdhëruar shefin e shtatmadhorisë së ushtrisë serbe që të vë ushtrinë në gjendje të gatishmërisë maksimale."
"Janë mbi 3 milionë vdekjet globale të lidhura me abuzimin me alkoolin, ku pjesa më e madhe janë burra. Sipas raportit të OBSH-së. Evropianët janë konsumuesit më të shumtë, ndërsa te të rinjtë dëmet janë shumë më të rënda. Mbi 5% e vdekjeve vjetore globale lidhen me konsumimin e tepërt të alkoolit. Janë këto të dhënat raportit të Organizatës Botërore e Shëndetësisë, e cila raporton çdo katër vjet mbi ndikimin e kësaj substance në shëndetin publik. Abuzimi me alkoolin dhe pasojat që sjell ai janë përgjegjës për 3 milionë vdekje çdo vit, nga të cilat 2.3 milionë janë burra dhe rreth 29% e vdekjeve janë të lidhura me ngjarje traumatike, si aksidentet ose vetëvrasjet. Janë të rinjtë ata që paguajnë çmimin më të lartë. Nëse në rang global 7,2% e vdekjeve të parakohshme janë nga alkooli, 13,5% e vdekjeve mes 20 vjeçarëve varet nga konsumi i alkoolit, shkruan “abcnews”. Më shumë se një e katërta e adoleshentëve midis moshave 15 dhe 19 vjeç konsumojnë rregullisht, por ndikimi në aspektin e vdekshmërisë në këtë brez të popullsisë nuk është marrë parasysh në studim. Kohët e fundit është treguar se pirja e duhanit dhe alkooli fillojnë të dëmtojnë arteriet që në adoleshencë, por që në këtë fazë dëmi është ende i kthyeshëm. Ku pihet më shumë. 237 milionë burra dhe 46 milionë gra në botë vuajnë nga sëmundjet e lidhura me alkoolin. Shumica e tyre është në Evropë dhe Amerikë. Megjithëse përqindja e vdekjeve është pakësuar, nga 5.9% në vitin 2012 në 5.3% në vitin 2016 , kjo është e papranueshme, çka tregon masat që zbatohen sot për të luftuar abuzimin janë të pamjaftueshme. Mes shenjave të pakta pozitive është fakti se përqindja e pirjes është në rënie në shumë fusha. Në Kontinentin e Vjetër, i cili ka konsumin më të lartë për banor, sasia e alkoolit që ka marrë është zvogëluar në 10% që nga viti 2010. Pritet një rritje e konsumit gjatë 10 viteve të ardhshme, veçanërisht në Azinë Juglindore, në vendet e Paqësorit Perëndimor dhe në disa zona të Amerikës. Sa dhe çfarë pi. Mesatarisht, konsumohen rreth 33 gramë alkool të pastër në ditë. 45% e alkoolit të konsumuar përbëhet nga superalkoolet, çuditërisht, birra dhe vera përbëjnë pak më shumë se 34% dhe pak më pak se 12%. Mendohet se mbi një e katërta e konsumit të alkoolit bie jashtë këtyre statistikave. Siç mund të shihet edhe nga rezultatet e kundërta të studimeve mbi konsumimin e alkoolit, marrëdhënia midis alkoolit dhe shëndetit është komplekse dhe ende jo plotësisht e qartë. Nëse për parandalimin e disa sëmundjeve, siç janë tumoret, do të ishte më mirë të mos konsumohej, për disa kushte në lidhje me shëndetin kardiovaskular duhet në sasi të moderuara shkaktojnë më pak dëme sesa mungesa totale. Por edhe në këtë pikë nuk ka uniformitet konsensusi.",2018-09-29 20:11:19,Një në 20 persona në botë humb jetën nga alkooli,Life &amp; Style,ernis zejnullahu,Ballkani,2024-11-12T09:49:10Z,"Janë mbi 3 milionë vdekjet globale të lidhura me abuzimin me alkoolin, ku pjesa më e madhe janë burra. Sipas raportit të OBSH-së. Evropianët janë konsumuesit më të shumtë, ndërsa te të rinjtë dëmet janë shumë më të rënda. Mbi 5% e vdekjeve vjetore globale lidhen me konsumimin e tepërt të alkoolit. Janë këto të dhënat raportit të Organizatës Botërore e Shëndetësisë, e cila raporton çdo katër vjet mbi ndikimin e kësaj substance në shëndetin publik. Abuzimi me alkoolin dhe pasojat që sjell ai janë përgjegjës për 3 milionë vdekje çdo vit, nga të cilat 2.3 milionë janë burra dhe rreth 29% e vdekjeve janë të lidhura me ngjarje traumatike, si aksidentet ose vetëvrasjet. Janë të rinjtë ata që paguajnë çmimin më të lartë. Nëse në rang global 7,2% e vdekjeve të parakohshme janë nga alkooli, 13,5% e vdekjeve mes 20 vjeçarëve varet nga konsumi i alkoolit, shkruan “abcnews”. Më shumë se një e katërta e adoleshentëve midis moshave 15 dhe 19 vjeç konsumojnë rregullisht, por ndikimi në aspektin e vdekshmërisë në këtë brez të popullsisë nuk është marrë parasysh në studim. Kohët e fundit është treguar se pirja e duhanit dhe alkooli fillojnë të dëmtojnë arteriet që në adoleshencë, por që në këtë fazë dëmi është ende i kthyeshëm. Ku pihet më shumë. 237 milionë burra dhe 46 milionë gra në botë vuajnë nga sëmundjet e lidhura me alkoolin. Shumica e tyre është në Evropë dhe Amerikë. Megjithëse përqindja e vdekjeve është pakësuar, nga 5.9% në vitin 2012 në 5.3% në vitin 2016 , kjo është e papranueshme, çka tregon masat që zbatohen sot për të luftuar abuzimin janë të pamjaftueshme. Mes shenjave të pakta pozitive është fakti se përqindja e pirjes është në rënie në shumë fusha. Në Kontinentin e Vjetër, i cili ka konsumin më të lartë për banor, sasia e alkoolit që ka marrë është zvogëluar në 10% që nga viti 2010. Pritet një rritje e konsumit gjatë 10 viteve të ardhshme, veçanërisht në Azinë Juglindore, në vendet e Paqësorit Perëndimor dhe në disa zona të Amerikës. Sa dhe çfarë pi. Mesatarisht, konsumohen rreth 33 gramë alkool të pastër në ditë. 45% e alkoolit të konsumuar përbëhet nga superalkoolet, çuditërisht, birra dhe vera përbëjnë pak më shumë se 34% dhe pak më pak se 12%. Mendohet se mbi një e katërta e konsumit të alkoolit bie jashtë këtyre statistikave. Siç mund të shihet edhe nga rezultatet e kundërta të studimeve mbi konsumimin e alkoolit, marrëdhënia midis alkoolit dhe shëndetit është komplekse dhe ende jo plotësisht e qartë. Nëse për parandalimin e disa sëmundjeve, siç janë tumoret, do të ishte më mirë të mos konsumohej, për disa kushte në lidhje me shëndetin kardiovaskular duhet në sasi të moderuara shkaktojnë më pak dëme sesa mungesa totale. Por edhe në këtë pikë nuk ka uniformitet konsensusi."
"Zjarri vazhdon të djege sipërfaqe me ullishte në kodrat e fshatit Vajkan në Fier. Ndonëse për fikjen e zjarrit kanë ardhur për ndihmë edhe mjete zjarrëfikëse nga Albpetroli dhe Ballshi prej më shumë se 5 orësh vazhdojnë të digjen shkurre dhe ullishte, pasi flakët janë ndihmuar edhe nga era e lehtë. Si pasojë e përhapjes së flakëve, janë rrezikuar disa shtëpi banimi dhe biznese. Ndërhyrja e zjarrfikësve ka lokalizuar përhapjen e zjarrit, duke shmangur dëmet që mund të shkaktoheshin. Zjarri vijon në pjesën kodrinore duke e vështirësuar së tepërmi ndërhyrjen e zjarrfikësve.",2018-09-29 20:19:51,"Fier, zjarri në Vajkan vijon prej orësh",Ballkani,ernis zejnullahu,Ballkani,2024-11-12T09:49:10Z,"Zjarri vazhdon të djege sipërfaqe me ullishte në kodrat e fshatit Vajkan në Fier. Ndonëse për fikjen e zjarrit kanë ardhur për ndihmë edhe mjete zjarrëfikëse nga Albpetroli dhe Ballshi prej më shumë se 5 orësh vazhdojnë të digjen shkurre dhe ullishte, pasi flakët janë ndihmuar edhe nga era e lehtë. Si pasojë e përhapjes së flakëve, janë rrezikuar disa shtëpi banimi dhe biznese. Ndërhyrja e zjarrfikësve ka lokalizuar përhapjen e zjarrit, duke shmangur dëmet që mund të shkaktoheshin. Zjarri vijon në pjesën kodrinore duke e vështirësuar së tepërmi ndërhyrjen e zjarrfikësve."
"Këto gjëra janë shumë me rëndësi 1. Konsumoni më shumë perime Nëse hani mëngjes të shëndetshëm, shanset janë që ju konsumoni fruta, qoftë një banane ndërsa dilni me nxitim nga dera, apo manaferra brenda kosit tuaj. Por me siguri nuk konsumoni shumë perime, të paktën deri në drekë. Një tas i madh me supë mund të bëjë që të konsumoni më shumë perime. 2. Tashmë mund të keni pak në frigorifer Një nga gjërat më të mira përsa i përket supës është se shija e saj është edhe më e mirë të nesërmen, pasi shijet janë përzier së bashku. Kështu që, tenxherja e supës që keni gatuar në mbrëmje, do të jetë edhe më e shijshme në mëngjes. 3. Mund ta merrni me vete në mëngjes Përdorni një termos kafeje si një termos supe dhe kështu ju merrni me vete mëngjesin tuaj të nxehtë, i cili është në të njëjtën kohë dhe “pije”. Supa do të ruhet shumë mirë dhe ju do të shijoni diçka me vlerë për shëndetin tuaj. 4. Mund të qëndroni të ngopur deri në drekë Supa mund të të kënaqë dhe të “të ngopë” pa të rënduar. Kjo do të thotë se ju do të jeni të ushqyer deri në vaktin tuaj të ardhshëm, por nuk do të ndjeheni të rënduar nga një tas i madh me supë.",2018-09-29 20:33:08,Katër sekrete që duhet t’i dini për supat e mëngjesit!,Life &amp; Style,ernis zejnullahu,Ballkani,2024-11-12T09:49:10Z,"Këto gjëra janë shumë me rëndësi 1. Konsumoni më shumë perime Nëse hani mëngjes të shëndetshëm, shanset janë që ju konsumoni fruta, qoftë një banane ndërsa dilni me nxitim nga dera, apo manaferra brenda kosit tuaj. Por me siguri nuk konsumoni shumë perime, të paktën deri në drekë. Një tas i madh me supë mund të bëjë që të konsumoni më shumë perime. 2. Tashmë mund të keni pak në frigorifer Një nga gjërat më të mira përsa i përket supës është se shija e saj është edhe më e mirë të nesërmen, pasi shijet janë përzier së bashku. Kështu që, tenxherja e supës që keni gatuar në mbrëmje, do të jetë edhe më e shijshme në mëngjes. 3. Mund ta merrni me vete në mëngjes Përdorni një termos kafeje si një termos supe dhe kështu ju merrni me vete mëngjesin tuaj të nxehtë, i cili është në të njëjtën kohë dhe “pije”. Supa do të ruhet shumë mirë dhe ju do të shijoni diçka me vlerë për shëndetin tuaj. 4. Mund të qëndroni të ngopur deri në drekë Supa mund të të kënaqë dhe të “të ngopë” pa të rënduar. Kjo do të thotë se ju do të jeni të ushqyer deri në vaktin tuaj të ardhshëm, por nuk do të ndjeheni të rënduar nga një tas i madh me supë."
"Stepan është emri i ariut që është rritur nga një çift rusësh e që tashmë ka marrë famë edhe në Instagram. Kur çifti del me ariun 24 vjeçar, duken si një familje normale që shëtisin, hanë ushqim e bëjnë lojëra bashkë. Çifti thotë që ata e gjetën Stepanin kur ishte tre muajsh, dhe sot ai ha 25 kg ushqim në ditë, që përfshin peshk, fruta e perime të ndryshme. Për të mbajtur trupin në formë i pëlqen të luajë futboll. Ariu ka marrë pjesë në një film kanadez, ku kishte rol kryesor. Tashmë, përveçse ofron foto për njerëzit në Instagram, mund të vijë edhe në festa të ndryshme për rreth 2000 dollarë.",2018-09-29 20:37:22,Ariu rus që u kthye në ikonë Instagrami,Fun,ernis zejnullahu,Ballkani,2024-11-12T09:49:10Z,"Stepan është emri i ariut që është rritur nga një çift rusësh e që tashmë ka marrë famë edhe në Instagram. Kur çifti del me ariun 24 vjeçar, duken si një familje normale që shëtisin, hanë ushqim e bëjnë lojëra bashkë. Çifti thotë që ata e gjetën Stepanin kur ishte tre muajsh, dhe sot ai ha 25 kg ushqim në ditë, që përfshin peshk, fruta e perime të ndryshme. Për të mbajtur trupin në formë i pëlqen të luajë futboll. Ariu ka marrë pjesë në një film kanadez, ku kishte rol kryesor. Tashmë, përveçse ofron foto për njerëzit në Instagram, mund të vijë edhe në festa të ndryshme për rreth 2000 dollarë."
"Fillloreta Raçi e njohur për publikun si Fifi është shumë aktive në profesionin që ushtron. Këngëtarja ka qenë pjesë e emisionit “Shiko kush Luan” gjatë sezonit të kaluar. Meqë sonte filloi sezoni i ri i këtij emisioni, në vend të Fifit u pa një këngëtare e re, e kjo gjë nxiti thashethemet rreth asaj që marrëdhëniet mes Fifit dhe Luanës nuk janë të mira. Pas spekulimeve në medie, Fifi ka reaguar ashpër, duke sqaruar se kontrata e saj ishte gjatë periudhës shtator 2017- shtator 2018 dhe nuk kishte asgjë të vërtetë rreth atyre fjalëve që qarkulluan. “Ca jane kto tituj aman, se mvut nbela me krejt boten tu qene mire e bukur…Luana Vjollca ka marre me te drejte te Zotit kengetare tjeter qe eshte me kontrate njevjecare ne Top Channel..Kjo sdo te thote qe kam ik me sherr…”, ka shkruar nder te tjera Fifi.",2018-09-29 20:41:51,"Thashetheme për prishje marrëdhëniesh me Luanën, reagon Fifi",Ballina;Showbiz,ernis zejnullahu,Ballkani,2024-11-12T09:49:10Z,"Fillloreta Raçi e njohur për publikun si Fifi është shumë aktive në profesionin që ushtron. Këngëtarja ka qenë pjesë e emisionit “Shiko kush Luan” gjatë sezonit të kaluar. Meqë sonte filloi sezoni i ri i këtij emisioni, në vend të Fifit u pa një këngëtare e re, e kjo gjë nxiti thashethemet rreth asaj që marrëdhëniet mes Fifit dhe Luanës nuk janë të mira. Pas spekulimeve në medie, Fifi ka reaguar ashpër, duke sqaruar se kontrata e saj ishte gjatë periudhës shtator 2017- shtator 2018 dhe nuk kishte asgjë të vërtetë rreth atyre fjalëve që qarkulluan. “Ca jane kto tituj aman, se mvut nbela me krejt boten tu qene mire e bukur…Luana Vjollca ka marre me te drejte te Zotit kengetare tjeter qe eshte me kontrate njevjecare ne Top Channel..Kjo sdo te thote qe kam ik me sherr…”, ka shkruar nder te tjera Fifi."
"Ushtria amerikane ka pësuar humbjen e parë në avionët e saj F-35, ku një prej tyre është rrëzuar në Karolinën e Jugut, tha trupat detare. Ndërkohë, piloti arriti të dalë me parashutë para se avioni të rrëzohet, duke shpëtuar. Autoritetet bën të ditur se kanë nisur menjëherë hetimet për zbulimin e shkakut të rrëzimit të avionit. F-35 janë avionët më të shtrenjtë luftarakë. Shitjet globale janë parashikuar në më shumë se 3 mijë avionë. Ky program ka marrë kritika të shumta si për koston e tij, ashtu edhe për efektivitetin në luftime. Avioni i përfshirë në incident kap një vlerë prej 100 milionë dollarë.",2018-09-29 20:43:30,"Rrëzohet avioni i parë në histori F-35, me vlerë 100 mln dollarë",Lajme,ernis zejnullahu,Ballkani,2024-11-12T09:49:10Z,"Ushtria amerikane ka pësuar humbjen e parë në avionët e saj F-35, ku një prej tyre është rrëzuar në Karolinën e Jugut, tha trupat detare. Ndërkohë, piloti arriti të dalë me parashutë para se avioni të rrëzohet, duke shpëtuar. Autoritetet bën të ditur se kanë nisur menjëherë hetimet për zbulimin e shkakut të rrëzimit të avionit. F-35 janë avionët më të shtrenjtë luftarakë. Shitjet globale janë parashikuar në më shumë se 3 mijë avionë. Ky program ka marrë kritika të shumta si për koston e tij, ashtu edhe për efektivitetin në luftime. Avioni i përfshirë në incident kap një vlerë prej 100 milionë dollarë."
"Interi ka arkëtuar pikët e plota në sfidën e sotme kundër Cagliarit. Vendasit e nisën më mirë takimin duke krijuar epërsinë e parë në minutën e 12 të takimit për Martinezit, që shënoi pas asistimit nga Dalberti. E golin e fundit e shënoi Politano, për rezultatin final 2-0. Interi në vendin e katërt ka 13 pikë. E Cagliari në vendin e 16 ka 6 pikë.",2018-09-29 20:52:47,Interi mposht Cagliarin,Sport,ernis zejnullahu,Ballkani,2024-11-12T09:49:10Z,"Interi ka arkëtuar pikët e plota në sfidën e sotme kundër Cagliarit. Vendasit e nisën më mirë takimin duke krijuar epërsinë e parë në minutën e 12 të takimit për Martinezit, që shënoi pas asistimit nga Dalberti. E golin e fundit e shënoi Politano, për rezultatin final 2-0. Interi në vendin e katërt ka 13 pikë. E Cagliari në vendin e 16 ka 6 pikë."
"Barbra Streisand e ka bartur urrejtjen e saj për udhëheqësin e SHBA-së, Donald Trump, në studion muzikore. Diva e ka përfshirë një këngë proteste, Don’t Lie To Me, në albumin e saj të ardhshëm, Walls, të cilin ajo paralajmëroi se do të publikohet më 2 nëntor.",2018-09-29 20:56:13,Barbra Streisand shënjestron Trumpin në këngën e re,Video,ernis zejnullahu,Ballkani,2024-11-12T09:49:10Z,"Barbra Streisand e ka bartur urrejtjen e saj për udhëheqësin e SHBA-së, Donald Trump, në studion muzikore. Diva e ka përfshirë një këngë proteste, Don’t Lie To Me, në albumin e saj të ardhshëm, Walls, të cilin ajo paralajmëroi se do të publikohet më 2 nëntor."
"Reperi nga Prishtina, Milot Hoxha i njohur si Taste2 ka publikuar këngën e tij më të re. “Jom Lodh”, është kënga e tij e re. Tekstin e kësaj kënge e ka shkruar vet reperi, kurse muzikën e ka bërë “Plisi Beats”. Për videoklipin është përkujdesur produksioni Djemt e Abdullahit.",2018-09-29 20:58:13,“Jom Lodh” kënga e re nga Taste2,Video,ernis zejnullahu,Ballkani,2024-11-12T09:49:10Z,"Reperi nga Prishtina, Milot Hoxha i njohur si Taste2 ka publikuar këngën e tij më të re. “Jom Lodh”, është kënga e tij e re. Tekstin e kësaj kënge e ka shkruar vet reperi, kurse muzikën e ka bërë “Plisi Beats”. Për videoklipin është përkujdesur produksioni Djemt e Abdullahit."
Vizita e sotme në pikën kufitare të Bërnjakut dhe te liqeni i Ujmanit,2018-09-29 21:08:38,Vizita e presidentit Thaçi në Veri,Video,ernis zejnullahu,Ballkani,2024-11-12T09:49:10Z,Vizita e sotme në pikën kufitare të Bërnjakut dhe te liqeni i Ujmanit
"Beyonce është zgjedhur gruaja më e fuqishme e muzikës në botë nga “BBC Radio 4”. Superylli i muzikës amerikane Beyonce, ishte në listën e industrisë së 40 femrave më me influencë në botë, falë feminizmit, aktivizimit dhe mesazhe pozitive që jep. Taylor Suift, Adele dhe Dua Lipa po ashtu janë pjesë e listës së grave më të fuqishme, që u zbulua si pjesë e Ditës Muzikore në BBC. Top 40-shja nuk përfshin vetëm ato që shesin më shumë, por edhe atyre që transmetojnë një mesazh me këngët e tyre.",2018-09-29 21:16:12,"BBC shpall Beyoncen gruan më të fuqishme në industrinë e muzikës, Dua Lipa në top 4",Showbiz,ernis zejnullahu,Ballkani,2024-11-12T09:49:10Z,"Beyonce është zgjedhur gruaja më e fuqishme e muzikës në botë nga “BBC Radio 4”. Superylli i muzikës amerikane Beyonce, ishte në listën e industrisë së 40 femrave më me influencë në botë, falë feminizmit, aktivizimit dhe mesazhe pozitive që jep. Taylor Suift, Adele dhe Dua Lipa po ashtu janë pjesë e listës së grave më të fuqishme, që u zbulua si pjesë e Ditës Muzikore në BBC. Top 40-shja nuk përfshin vetëm ato që shesin më shumë, por edhe atyre që transmetojnë një mesazh me këngët e tyre."
"Nëse sytë janë pasqyrë e shpirtit, lëkura janë pasqyrë e moshës sonë. Në organizëm pasqyrohet kultura jonë e të ushqyerit dhe për këtë duhet të kemi kujdes se çfarë hamë apo pijmë, në të kundër do të gjejmë veten të plakur para kohe. Cilat janë ushqimet dhe pijet që favorizojnë plakjen e lëkurës duke na bërë të dukemi më të vjetër nga ç’jemi? Ariel Ostad, dermatolog me famë botërore rendit për revistën “Health” 10 prej tyre. Limonatat. Pijet energjike. Mishi i kuq. Ushqimet pikante. Qoftet dhe sallamet. Kripa Vera e bardhë Alkooli Embelsirat",2018-09-29 21:19:42,Këto ushqime ju plakin para kohe,Life &amp; Style,ernis zejnullahu,Ballkani,2024-11-12T09:49:10Z,"Nëse sytë janë pasqyrë e shpirtit, lëkura janë pasqyrë e moshës sonë. Në organizëm pasqyrohet kultura jonë e të ushqyerit dhe për këtë duhet të kemi kujdes se çfarë hamë apo pijmë, në të kundër do të gjejmë veten të plakur para kohe. Cilat janë ushqimet dhe pijet që favorizojnë plakjen e lëkurës duke na bërë të dukemi më të vjetër nga ç’jemi? Ariel Ostad, dermatolog me famë botërore rendit për revistën “Health” 10 prej tyre. Limonatat. Pijet energjike. Mishi i kuq. Ushqimet pikante. Qoftet dhe sallamet. Kripa Vera e bardhë Alkooli Embelsirat"
"Real Madrid dhe Atletico Madrid kanë luajtur barazim 0-0 në derbin lokal të Madridit në ndeshjen e javës së shtatë të La Ligas. Mbrëmja e së shtunës kishte rezervuar një përballje interesante mes Real Madridit dhe Atletico Madridit në ‘Santiago Bernabeu’. Tifozët në Bernabeu ishin dëshmitarë të një lufte të madhe, një ndeshje me shumë emocione dhe raste shënimi, të cilës i munguan vetëm golat. Rasti i parë i ndeshjes iu tregua Antoine Griezmann, që i vetëm përballë Thibaut Courtois dështoi të shënonte. Mundësi të mira kishte edhe në anën e Real Madridit që provuan herë pas herë me Asensio e Bale, por ishte e pamundur të kalohej ‘muri’ i fundit i quajtur Oblak. Në fund, të dy skuadrat u pajtuan me barazim 0-0.",2018-09-29 21:29:15,"Reali s’e shfrytëzon gabimin e Barcës, barazon ndaj Atleticos në Bernabeu",Sport,ernis zejnullahu,Ballkani,2024-11-12T09:49:10Z,"Real Madrid dhe Atletico Madrid kanë luajtur barazim 0-0 në derbin lokal të Madridit në ndeshjen e javës së shtatë të La Ligas. Mbrëmja e së shtunës kishte rezervuar një përballje interesante mes Real Madridit dhe Atletico Madridit në ‘Santiago Bernabeu’. Tifozët në Bernabeu ishin dëshmitarë të një lufte të madhe, një ndeshje me shumë emocione dhe raste shënimi, të cilës i munguan vetëm golat. Rasti i parë i ndeshjes iu tregua Antoine Griezmann, që i vetëm përballë Thibaut Courtois dështoi të shënonte. Mundësi të mira kishte edhe në anën e Real Madridit që provuan herë pas herë me Asensio e Bale, por ishte e pamundur të kalohej ‘muri’ i fundit i quajtur Oblak. Në fund, të dy skuadrat u pajtuan me barazim 0-0."
"Shërbimi Doganor i Bullgarisë ka njoftuar se zyrtarët e saj kanë konfiskuar 712 kilogramë heroinë, e cila ndodhej në dy kamionë iranianë që erdhën në Bullgari nga Turqia. Doganierët vlerën e heroinës e përcaktuan në rreth 23 milionë euro. Droga u gjet në dy kamionë me targa iraniane në kalimin kufitar Kapitan Andreevo. Kamionët transportonin material ndërtimor dhe si destinacion kishin Austrinë. Prokurori në rajonin bullgar Haskovo, Ivan Stojanov tha se heroina u gjet në çanta të mbyllura të fshehura mes mallrave të deklaruara zyrtarisht që transportoheshin, raporton Anadolu Agency. Dy shoferët, shtetas iranianë, janë arrestuar dhe përballen me 20 vjet burg nëse dënohen për trafik droge.",2018-09-29 21:33:25,Në Bullgari kapen 712 kg heroinë në vlerë prej 23 milionë eurosh,Ballkani,ernis zejnullahu,Ballkani,2024-11-12T09:49:10Z,"Shërbimi Doganor i Bullgarisë ka njoftuar se zyrtarët e saj kanë konfiskuar 712 kilogramë heroinë, e cila ndodhej në dy kamionë iranianë që erdhën në Bullgari nga Turqia. Doganierët vlerën e heroinës e përcaktuan në rreth 23 milionë euro. Droga u gjet në dy kamionë me targa iraniane në kalimin kufitar Kapitan Andreevo. Kamionët transportonin material ndërtimor dhe si destinacion kishin Austrinë. Prokurori në rajonin bullgar Haskovo, Ivan Stojanov tha se heroina u gjet në çanta të mbyllura të fshehura mes mallrave të deklaruara zyrtarisht që transportoheshin, raporton Anadolu Agency. Dy shoferët, shtetas iranianë, janë arrestuar dhe përballen me 20 vjet burg nëse dënohen për trafik droge."
"Dy persona kanë humbur jetën pas një përleshje me armë mes dy grupeve me veturat e tyre në lëvizje. Rasti ka ndodhur të shtunën në rrugën “Franklin Ruzvelt” ku persona të panjohur nga një veturë e zezë kanë shtënë me armë zjarri ndaj veturës Seat Altea, në të cilën ndodheshin viktimat. Sipas të dhënave jozyrtare, në vendin e ngjarjes ka ndërruar jetë Naim Ajeti nga Hasanbegu, ndërsa të plagosur kanë mbetur dy personat tjerë që ishin në veturë, F. A. dhe A. P, raporton Tv21 në Maqedoni. Të dy viktimat janë dërguar në spital me shenja jete, por A.P. nuk ka mundur t’i përballojë plagët, me çka ka ndërruar jetë në spital. Personi i tretë është jashtë rrezikut për jetë. “Diku rreth 30 minuta pas mesnate në qendrën urgjente kirurgjikale nga ndihma e shpejtë u sollën tre paciente nga të cilët, për fat të keq të njeri vetëm se u konstatua vdekja, ndërsa dy të tjerët u hospitalizuan në njësinë e mjekimit intensiv. Dy orë pas pranimit, edhe përkrah angazhimit maksimal të ekipeve mjekësore, si pasoje e lëndimeve serioze, i lënduari i dytë nderoi jetë. Ndërsa pacienti i trete ju nënshtrua ndërhyrjes kirurgjikale deri në orët e hershme të mëngjesit, dhe për momentin gjendja e tij është stabile, në aparat për frymëmarrje artificiale”, deklaroi mjeku kujdestar, Albet Lleshi. Motivi i kësaj vrasje ende nuk dihet. Policia ka kryer ekspertizën e ngjarjes dhe po heton sulmuesit, si dhe motivet e mundshme të vrasjes. Me urdhër të Prokurorit Publik, trupat e dy personave të vdekur u dorëzuan për autopsi në Institutin e Mjekësisë Ligjore, Kriminalistikës dhe Deontologjisë mjekësore. Automjeti “SeatAltea” është dhënë për hetime të mëtutjeshme.",2018-09-29 21:43:05,"Përleshje me armë në Shkup, dy të vrarë dhe një i plagosur",Ballina,ernis zejnullahu,Ballkani,2024-11-12T09:49:10Z,"Dy persona kanë humbur jetën pas një përleshje me armë mes dy grupeve me veturat e tyre në lëvizje. Rasti ka ndodhur të shtunën në rrugën “Franklin Ruzvelt” ku persona të panjohur nga një veturë e zezë kanë shtënë me armë zjarri ndaj veturës Seat Altea, në të cilën ndodheshin viktimat. Sipas të dhënave jozyrtare, në vendin e ngjarjes ka ndërruar jetë Naim Ajeti nga Hasanbegu, ndërsa të plagosur kanë mbetur dy personat tjerë që ishin në veturë, F. A. dhe A. P, raporton Tv21 në Maqedoni. Të dy viktimat janë dërguar në spital me shenja jete, por A.P. nuk ka mundur t’i përballojë plagët, me çka ka ndërruar jetë në spital. Personi i tretë është jashtë rrezikut për jetë. “Diku rreth 30 minuta pas mesnate në qendrën urgjente kirurgjikale nga ndihma e shpejtë u sollën tre paciente nga të cilët, për fat të keq të njeri vetëm se u konstatua vdekja, ndërsa dy të tjerët u hospitalizuan në njësinë e mjekimit intensiv. Dy orë pas pranimit, edhe përkrah angazhimit maksimal të ekipeve mjekësore, si pasoje e lëndimeve serioze, i lënduari i dytë nderoi jetë. Ndërsa pacienti i trete ju nënshtrua ndërhyrjes kirurgjikale deri në orët e hershme të mëngjesit, dhe për momentin gjendja e tij është stabile, në aparat për frymëmarrje artificiale”, deklaroi mjeku kujdestar, Albet Lleshi. Motivi i kësaj vrasje ende nuk dihet. Policia ka kryer ekspertizën e ngjarjes dhe po heton sulmuesit, si dhe motivet e mundshme të vrasjes. Me urdhër të Prokurorit Publik, trupat e dy personave të vdekur u dorëzuan për autopsi në Institutin e Mjekësisë Ligjore, Kriminalistikës dhe Deontologjisë mjekësore. Automjeti “SeatAltea” është dhënë për hetime të mëtutjeshme."
